529.0, 319.0, 563.0, 394.0, 487.0, 354.0, 441.0, 332.0, 428.0, 403.0, 405.0, 348.0, 972.0, 543.0, 931.0, 594.0, 646.0, 472.0, 450.0, 390.0, 899.0, 411.0, 668.0, 614.0, 440.0, 299.0, 557.0, 411.0, 616.0, 513.0
574.0, 360.0, 598.0, 441.0, 524.0, 390.0, 482.0, 357.0, 457.0, 428.0, 446.0, 369.0, 982.0, 656.0, 936.0, 699.0, 665.0, 537.0, 479.0, 418.0, 929.0, 505.0, 665.0, 685.0, 489.0, 325.0, 585.0, 455.0, 622.0, 571.0
528.0, 357.0, 557.0, 433.0, 472.0, 402.0, 429.0, 378.0, 420.0, 454.0, 391.0, 399.0, 1002.0, 557.0, 967.0, 614.0, 656.0, 514.0, 440.0, 437.0, 918.0, 427.0, 695.0, 665.0, 428.0, 338.0, 549.0, 455.0, 632.0, 566.0
522.0, 356.0, 559.0, 434.0, 475.0, 404.0, 415.0, 382.0, 417.0, 460.0, 385.0, 401.0, 1009.0, 526.0, 980.0, 582.0, 653.0, 507.0, 435.0, 441.0, 912.0, 405.0, 705.0, 657.0, 405.0, 342.0, 548.0, 451.0, 632.0, 555.0
580.0, 352.0, 604.0, 433.0, 523.0, 389.0, 477.0, 359.0, 464.0, 432.0, 444.0, 373.0, 1006.0, 605.0, 962.0, 656.0, 690.0, 527.0, 490.0, 422.0, 935.0, 466.0, 695.0, 668.0, 475.0, 318.0, 588.0, 450.0, 650.0, 564.0
531.0, 362.0, 575.0, 436.0, 483.0, 404.0, 432.0, 389.0, 438.0, 461.0, 404.0, 407.0, 1028.0, 534.0, 993.0, 594.0, 672.0, 506.0, 453.0, 446.0, 932.0, 411.0, 726.0, 652.0, 435.0, 352.0, 571.0, 453.0, 648.0, 550.0
549.0, 329.0, 594.0, 402.0, 508.0, 376.0, 451.0, 357.0, 461.0, 433.0, 421.0, 382.0, 1001.0, 547.0, 687.0, 471.0, 476.0, 418.0, 937.0, 363.0, 739.0, 612.0, 456.0, 324.0, 588.0, 422.0, 667.0, 518.0, -1.0, -1.0
555.0, 317.0, 597.0, 397.0, 504.0, 363.0, 448.0, 343.0, 453.0, 421.0, 417.0, 367.0, 1011.5, 551.0, 699.0, 468.0, 470.0, 408.0, 962.0, 368.0, 754.0, 615.0, 452.0, 308.0, 591.0, 413.0, 674.0, 513.0, -1.0, -1.0
560.0, 303.0, 605.0, 378.0, 514.0, 352.0, 457.0, 331.0, 466.0, 407.0, 428.0, 354.0, 1009.0, 534.0, 704.0, 452.0, 483.0, 391.0, 950.0, 348.0, 748.0, 601.0, 461.0, 297.0, 597.0, 399.0, 677.0, 501.0, -1.0, -1.0
535.0, 337.0, 587.0, 410.0, 495.0, 379.0, 438.0, 359.0, 443.0, 436.0, 406.0, 377.0, 993.0, 564.0, 682.0, 478.0, 461.0, 419.0, 924.0, 379.0, 726.0, 625.0, 442.0, 321.0, 580.0, 429.0, 655.0, 525.0, -1.0, -1.0
572.0, 276.0, 619.0, 355.0, 528.0, 327.0, 468.0, 304.0, 474.0, 388.0, 440.0, 336.0, 722.0, 426.0, 492.0, 371.0, 983.0, 319.0, 768.0, 580.0, 470.0, 269.0, 608.0, 376.0, 696.0, 477.0, -1.0, -1.0, -1.0, -1.0
575.0, 290.0, 618.0, 361.0, 546.0, 336.0, 488.0, 318.0, 492.0, 386.0, 461.0, 338.0, 998.0, 488.0, 712.0, 422.0, 509.0, 373.0, 934.0, 319.0, 752.0, 557.0, 487.0, 286.0, 611.0, 377.0, 685.0, 464.0, -1.0, -1.0
579.0, 345.0, 621.0, 414.0, 545.0, 390.0, 492.0, 367.0, 492.0, 440.0, 456.0, 383.0, 1004.0, 554.0, 716.0, 483.0, 509.0, 424.0, 937.0, 384.0, 755.0, 616.0, 488.0, 336.0, 611.0, 431.0, 691.0, 526.0, -1.0, -1.0
574.0, 335.0, 627.0, 407.0, 532.0, 379.0, 477.0, 362.0, 482.0, 440.0, 448.0, 386.0, 726.0, 478.0, 497.0, 424.0, 962.0, 371.0, 765.0, 617.0, 478.0, 328.0, 616.0, 428.0, 696.0, 522.0, -1.0, -1.0, -1.0, -1.0
556.0, 321.0, 595.0, 384.0, 513.0, 361.0, 464.0, 344.0, 470.0, 413.0, 439.0, 365.0, 1001.0, 458.0, 969.0, 512.0, 682.0, 441.0, 486.0, 396.0, 907.0, 339.0, 731.0, 570.0, 464.0, 309.0, 589.0, 400.0, 665.0, 486.0
517.0, 361.0, 559.0, 430.0, 473.0, 404.0, 414.0, 388.0, 425.0, 461.0, 391.0, 409.0, 997.0, 497.0, 967.0, 557.0, 655.0, 492.0, 442.0, 445.0, 893.0, 380.0, 707.0, 634.0, 416.0, 355.0, 550.0, 447.0, 635.0, 540.0
538.0, 340.0, 584.0, 417.0, 494.0, 385.0, 441.0, 363.0, 437.0, 434.0, 415.0, 384.0, 1007.0, 531.0, 972.0, 592.0, 666.0, 493.0, 458.0, 420.0, 913.0, 401.0, 705.0, 643.0, 439.0, 325.0, 570.0, 437.0, 638.0, 536.0
583.0, 371.0, 613.0, 439.0, 548.0, 413.0, 499.0, 397.0, 499.0, 458.0, 472.0, 414.0, 992.0, 534.0, 964.0, 589.0, 691.0, 503.0, 512.0, 448.0, 903.0, 424.0, 721.0, 631.0, 503.0, 361.0, 608.0, 455.0, 670.0, 542.0
593.0, 388.0, 624.0, 452.0, 559.0, 430.0, 512.0, 416.0, 513.0, 477.0, 487.0, 434.0, 997.0, 538.0, 965.0, 591.0, 701.0, 513.0, 527.0, 467.0, 907.0, 429.0, 741.0, 640.0, 514.0, 381.0, 617.0, 467.0, 682.0, 549.0
563.0, 369.0, 594.0, 439.0, 524.0, 413.0, 473.0, 398.0, 477.0, 464.0, 450.0, 417.0, 996.0, 528.0, 962.0, 585.0, 684.0, 504.0, 492.0, 451.0, 903.0, 413.0, 722.0, 636.0, 478.0, 365.0, 591.0, 455.0, 663.0, 546.0
552.0, 350.0, 587.0, 417.0, 520.0, 396.0, 467.0, 382.0, 472.0, 447.0, 445.0, 403.0, 979.0, 491.0, 952.0, 546.0, 670.0, 476.0, 486.0, 434.0, 882.0, 380.0, 722.0, 601.0, 470.0, 348.0, 580.0, 433.0, 655.0, 516.0
576.0, 349.0, 601.0, 428.0, 529.0, 395.0, 476.0, 378.0, 476.0, 448.0, 449.0, 398.0, 1006.0, 540.0, 973.0, 594.0, 688.0, 501.0, 492.0, 438.0, 923.0, 422.0, 727.0, 644.0, 483.0, 339.0, 593.0, 446.0, 666.0, 548.0
556.0, 387.0, 590.0, 453.0, 521.0, 431.0, 475.0, 415.0, 480.0, 476.0, 453.0, 433.0, 957.0, 524.0, 931.0, 573.0, 669.0, 509.0, 495.0, 464.0, 876.0, 420.0, 711.0, 631.0, 473.0, 384.0, 585.0, 467.0, 650.0, 546.0
577.0, 390.0, 613.0, 452.0, 548.0, 434.0, 499.0, 421.0, 503.0, 482.0, 477.0, 441.0, 977.0, 517.0, 951.0, 570.0, 690.0, 510.0, 515.0, 469.0, 878.0, 418.0, 733.0, 628.0, 502.0, 388.0, 606.0, 469.0, 676.0, 545.0
562.0, 360.0, 598.0, 426.0, 531.0, 404.0, 477.0, 391.0, 480.0, 455.0, 453.0, 409.0, 988.0, 513.0, 955.0, 566.0, 685.0, 489.0, 494.0, 443.0, 899.0, 400.0, 725.0, 618.0, 480.0, 354.0, 591.0, 442.0, 666.0, 532.0
560.0, 355.0, 584.0, 430.0, 510.0, 407.0, 457.0, 391.0, 464.0, 460.0, 434.0, 413.0, 987.0, 497.0, 959.0, 555.0, 677.0, 494.0, 479.0, 446.0, 901.0, 387.0, 719.0, 622.0, 457.0, 358.0, 577.0, 446.0, 655.0, 534.0
556.0, 349.0, 582.0, 418.0, 514.0, 392.0, 460.0, 371.0, 461.0, 445.0, 436.0, 395.0, 977.0, 511.0, 944.0, 565.0, 671.0, 485.0, 479.0, 429.0, 890.0, 394.0, 707.0, 617.0, 454.0, 341.0, 576.0, 436.0, 644.0, 523.0
564.0, 366.0, 594.0, 434.0, 521.0, 413.0, 472.0, 394.0, 473.0, 459.0, 448.0, 413.0, 977.0, 520.0, 946.0, 571.0, 670.0, 494.0, 490.0, 446.0, 889.0, 405.0, 703.0, 616.0, 467.0, 361.0, 584.0, 450.0, 650.0, 531.0
566.0, 385.0, 596.0, 454.0, 524.0, 434.0, 471.0, 415.0, 479.0, 481.0, 450.0, 437.0, 991.0, 535.0, 959.0, 589.0, 679.0, 514.0, 498.0, 468.0, 905.0, 425.0, 726.0, 641.0, 464.0, 385.0, 589.0, 471.0, 660.0, 555.0
544.0, 360.0, 581.0, 432.0, 508.0, 407.0, 453.0, 387.0, 454.0, 457.0, 426.0, 408.0, 982.0, 520.0, 951.0, 576.0, 662.0, 498.0, 469.0, 444.0, 893.0, 400.0, 705.0, 630.0, 442.0, 355.0, 571.0, 449.0, 642.0, 541.0
557.0, 373.0, 581.0, 443.0, 511.0, 416.0, 461.0, 400.0, 464.0, 466.0, 438.0, 420.0, 964.0, 531.0, 930.0, 587.0, 661.0, 505.0, 485.0, 450.0, 890.0, 424.0, 700.0, 634.0, 459.0, 366.0, 573.0, 458.0, 640.0, 544.0
563.0, 365.0, 591.0, 433.0, 531.0, 410.0, 473.0, 393.0, 475.0, 459.0, 447.0, 411.0, 993.0, 511.0, 961.0, 566.0, 683.0, 497.0, 494.0, 445.0, 897.0, 401.0, 733.0, 627.0, 461.0, 360.0, 586.0, 449.0, 663.0, 538.0
543.0, 359.0, 565.0, 430.0, 497.0, 407.0, 444.0, 393.0, 448.0, 462.0, 416.0, 414.0, 978.0, 512.0, 944.0, 568.0, 661.0, 498.0, 459.0, 450.0, 882.0, 397.0, 705.0, 632.0, 435.0, 359.0, 556.0, 448.0, 639.0, 539.0
560.0, 372.0, 595.0, 438.0, 524.0, 423.0, 467.0, 408.0, 479.0, 479.0, 444.0, 433.0, 998.0, 481.0, 978.0, 538.0, 689.0, 496.0, 493.0, 464.0, 903.0, 379.0, 746.0, 622.0, 459.0, 379.0, 591.0, 457.0, 673.0, 538.0
615.0, 326.0, 614.0, 400.0, 562.0, 349.0, 527.0, 314.0, 502.0, 375.0, 496.0, 322.0, 929.0, 630.0, 881.0, 667.0, 665.0, 489.0, 522.0, 369.0, 889.0, 490.0, 650.0, 624.0, 531.0, 283.0, 602.0, 412.0, 630.0, 516.0
577.0, 372.0, 600.0, 442.0, 534.0, 420.0, 481.0, 402.0, 486.0, 468.0, 459.0, 423.0, 986.0, 526.0, 956.0, 576.0, 678.0, 502.0, 498.0, 455.0, 897.0, 412.0, 724.0, 631.0, 473.0, 370.0, 590.0, 457.0, 660.0, 540.0
562.0, 378.0, 593.0, 446.0, 515.0, 424.0, 473.0, 410.0, 477.0, 474.0, 449.0, 428.0, 967.0, 515.0, 937.0, 577.0, 677.0, 508.0, 491.0, 461.0, 880.0, 411.0, 714.0, 635.0, 468.0, 378.0, 587.0, 463.0, 652.0, 546.0
578.0, 360.0, 607.0, 429.0, 538.0, 407.0, 479.0, 387.0, 484.0, 456.0, 455.0, 410.0, 1008.0, 518.0, 977.0, 568.0, 693.0, 493.0, 500.0, 444.0, 922.0, 399.0, 738.0, 631.0, 473.0, 353.0, 603.0, 449.0, 673.0, 537.0
609.0, 348.0, 620.0, 420.0, 557.0, 377.0, 515.0, 349.0, 499.0, 413.0, 486.0, 361.0, 972.0, 612.0, 928.0, 656.0, 681.0, 508.0, 519.0, 404.0, 928.0, 483.0, 685.0, 644.0, 514.0, 314.0, 608.0, 434.0, 651.0, 537.0
549.0, 383.0, 587.0, 450.0, 520.0, 430.0, 463.0, 415.0, 470.0, 482.0, 441.0, 435.0, 975.0, 523.0, 946.0, 582.0, 665.0, 508.0, 488.0, 466.0, 889.0, 409.0, 719.0, 639.0, 458.0, 383.0, 579.0, 465.0, 652.0, 547.0
556.0, 354.0, 580.0, 423.0, 509.0, 392.0, 462.0, 368.0, 456.0, 435.0, 435.0, 386.0, 969.0, 543.0, 933.0, 596.0, 663.0, 497.0, 474.0, 423.0, 886.0, 425.0, 689.0, 630.0, 458.0, 335.0, 568.0, 439.0, 635.0, 536.0
551.0, 374.0, 587.0, 436.0, 515.0, 418.0, 469.0, 402.0, 477.0, 470.0, 447.0, 425.0, 968.0, 504.0, 942.0, 557.0, 666.0, 495.0, 487.0, 454.0, 875.0, 401.0, 714.0, 619.0, 457.0, 372.0, 582.0, 455.0, 650.0, 532.0
614.0, 365.0, 624.0, 438.0, 566.0, 393.0, 526.0, 356.0, 505.0, 419.0, 498.0, 369.0, 940.0, 654.0, 895.0, 688.0, 675.0, 526.0, 524.0, 413.0, 902.0, 516.0, 664.0, 655.0, 531.0, 327.0, 611.0, 452.0, 639.0, 550.0
531.0, 383.0, 576.0, 454.0, 483.0, 428.0, 435.0, 416.0, 442.0, 484.0, 410.0, 438.0, 989.0, 602.0, 689.0, 525.0, 458.0, 475.0, 914.0, 415.0, 720.0, 665.0, 439.0, 378.0, 567.0, 471.0, 655.0, 571.0, -1.0, -1.0
532.0, 380.0, 571.0, 446.0, 490.0, 418.0, 447.0, 406.0, 445.0, 469.0, 421.0, 422.0, 979.0, 538.0, 945.0, 597.0, 656.0, 511.0, 460.0, 456.0, 880.0, 422.0, 695.0, 644.0, 451.0, 371.0, 566.0, 461.0, 636.0, 552.0
537.0, 386.0, 578.0, 461.0, 493.0, 428.0, 444.0, 410.0, 440.0, 483.0, 412.0, 427.0, 1008.5, 564.0, 977.0, 624.0, 673.0, 535.0, 455.0, 469.0, 912.0, 443.0, 711.0, 680.0, 445.0, 372.0, 568.0, 477.0, 645.0, 579.0
523.0, 382.0, 569.0, 450.0, 490.0, 430.0, 431.0, 417.0, 436.0, 486.0, 403.0, 439.0, 1004.0, 526.0, 975.0, 586.0, 677.0, 515.0, 450.0, 472.0, 900.0, 412.0, 713.0, 647.0, 434.0, 376.0, 562.0, 466.0, 655.0, 560.0
538.0, 383.0, 575.0, 452.0, 488.0, 429.0, 430.0, 407.0, 445.0, 481.0, 405.0, 437.0, 1011.5, 519.0, 989.0, 582.0, 674.0, 514.0, 459.0, 470.0, 912.0, 405.0, 723.0, 655.0, 417.0, 376.0, 568.0, 469.0, 652.0, 560.0
535.0, 369.0, 573.0, 441.0, 485.0, 407.0, 441.0, 388.0, 442.0, 461.0, 415.0, 411.0, 996.0, 529.0, 963.0, 588.0, 664.0, 509.0, 458.0, 445.0, 882.0, 408.0, 699.0, 647.0, 428.0, 357.0, 566.0, 456.0, 639.0, 555.0
539.0, 370.0, 572.0, 437.0, 485.0, 406.0, 439.0, 387.0, 446.0, 457.0, 413.0, 409.0, 998.0, 532.0, 964.0, 596.0, 672.0, 511.0, 459.0, 441.0, 896.0, 415.0, 706.0, 647.0, 426.0, 355.0, 568.0, 454.0, 647.0, 556.0
537.0, 364.0, 572.0, 437.0, 477.0, 408.0, 429.0, 386.0, 434.0, 463.0, 405.0, 410.0, 1008.0, 536.0, 972.0, 595.0, 673.0, 508.0, 449.0, 449.0, 907.0, 412.0, 708.0, 649.0, 417.0, 352.0, 566.0, 456.0, 649.0, 556.0
536.0, 358.0, 566.0, 433.0, 481.0, 401.0, 427.0, 377.0, 432.0, 453.0, 403.0, 403.0, 997.0, 535.0, 963.0, 592.0, 664.0, 504.0, 450.0, 437.0, 902.0, 411.0, 700.0, 645.0, 415.0, 344.0, 559.0, 447.0, 644.0, 549.0
549.0, 357.0, 579.0, 432.0, 489.0, 403.0, 446.0, 386.0, 447.0, 457.0, 418.0, 406.0, 1009.5, 530.0, 975.0, 587.0, 671.0, 501.0, 461.0, 442.0, 914.0, 407.0, 713.0, 641.0, 430.0, 349.0, 572.0, 448.0, 645.0, 541.0
529.0, 372.0, 565.0, 446.0, 473.0, 424.0, 419.0, 407.0, 430.0, 481.0, 398.0, 431.0, 993.0, 574.0, 681.0, 514.0, 449.0, 465.0, 902.0, 392.0, 730.0, 656.0, 408.0, 369.0, 560.0, 464.0, 654.0, 562.0, -1.0, -1.0
514.0, 369.0, 553.0, 444.0, 465.0, 418.0, 405.0, 401.0, 414.0, 474.0, 382.0, 424.0, 997.0, 520.0, 965.0, 584.0, 656.0, 507.0, 428.0, 458.0, 896.0, 401.0, 703.0, 648.0, 391.0, 361.0, 547.0, 460.0, 638.0, 560.0
557.0, 355.0, 583.0, 427.0, 504.0, 397.0, 457.0, 376.0, 457.0, 447.0, 432.0, 396.0, 994.0, 520.0, 959.0, 577.0, 668.0, 492.0, 476.0, 432.0, 892.0, 398.0, 709.0, 627.0, 444.0, 343.0, 575.0, 443.0, 645.0, 531.0
544.0, 361.0, 575.0, 433.0, 492.0, 404.0, 443.0, 382.0, 445.0, 454.0, 418.0, 403.0, 1000.0, 528.0, 968.0, 586.0, 674.0, 502.0, 460.0, 439.0, 901.0, 407.0, 708.0, 640.0, 434.0, 344.0, 569.0, 448.0, 648.0, 548.0
516.0, 390.0, 555.0, 459.0, 479.0, 434.0, 421.0, 416.0, 425.0, 485.0, 394.0, 435.0, 981.0, 541.0, 947.0, 603.0, 647.0, 527.0, 438.0, 472.0, 880.0, 429.0, 689.0, 662.0, 426.0, 379.0, 546.0, 476.0, 632.0, 572.0
543.0, 387.0, 573.0, 448.0, 509.0, 422.0, 462.0, 407.0, 462.0, 462.0, 440.0, 422.0, 927.0, 527.0, 898.0, 577.0, 648.0, 506.0, 476.0, 454.0, 844.0, 427.0, 680.0, 620.0, 469.0, 376.0, 565.0, 461.0, 629.0, 538.0
549.0, 353.0, 582.0, 426.0, 503.0, 390.0, 459.0, 369.0, 451.0, 432.0, 430.0, 384.0, 979.0, 563.0, 939.0, 617.0, 666.0, 504.0, 468.0, 424.0, 893.0, 438.0, 683.0, 636.0, 465.0, 335.0, 571.0, 441.0, 640.0, 541.0
546.0, 370.0, 589.0, 444.0, 503.0, 414.0, 449.0, 399.0, 451.0, 471.0, 426.0, 418.0, 997.0, 594.0, 695.0, 517.0, 468.0, 458.0, 920.0, 412.0, 733.0, 658.0, 456.0, 361.0, 582.0, 461.0, 669.0, 563.0, -1.0, -1.0
527.0, 378.0, 563.0, 440.0, 494.0, 416.0, 445.0, 402.0, 446.0, 462.0, 420.0, 419.0, 954.0, 520.0, 921.0, 577.0, 652.0, 501.0, 459.0, 452.0, 858.0, 413.0, 686.0, 625.0, 448.0, 367.0, 557.0, 455.0, 630.0, 539.0
525.0, 373.0, 563.0, 444.0, 487.0, 419.0, 439.0, 405.0, 444.0, 469.0, 415.0, 423.0, 972.0, 532.0, 939.0, 590.0, 655.0, 510.0, 455.0, 456.0, 885.0, 422.0, 685.0, 640.0, 442.0, 368.0, 554.0, 459.0, 633.0, 551.0
517.0, 364.0, 566.0, 433.0, 483.0, 409.0, 430.0, 394.0, 437.0, 464.0, 405.0, 416.0, 993.0, 510.0, 964.0, 572.0, 669.0, 503.0, 450.0, 451.0, 884.0, 388.0, 712.0, 642.0, 436.0, 358.0, 556.0, 452.0, 642.0, 548.0
543.0, 382.0, 584.0, 457.0, 506.0, 430.0, 450.0, 411.0, 450.0, 480.0, 422.0, 432.0, 1009.5, 549.0, 982.0, 611.0, 679.0, 530.0, 466.0, 471.0, 916.0, 431.0, 720.0, 672.0, 455.0, 373.0, 574.0, 474.0, 655.0, 576.0
549.0, 382.0, 593.0, 451.0, 510.0, 424.0, 457.0, 409.0, 461.0, 476.0, 432.0, 429.0, 989.0, 601.0, 693.0, 521.0, 476.0, 464.0, 917.0, 420.0, 728.0, 657.0, 461.0, 370.0, 586.0, 467.0, 665.0, 565.0, -1.0, -1.0
517.0, 386.0, 573.0, 440.0, 493.0, 434.0, 439.0, 431.0, 454.0, 494.0, 416.0, 458.0, 1008.5, 425.0, 989.0, 490.0, 692.0, 483.0, 466.0, 481.0, 881.0, 335.0, 754.0, 607.0, 433.0, 397.0, 568.0, 459.0, 672.0, 532.0
572.0, 376.0, 598.0, 438.0, 532.0, 416.0, 490.0, 397.0, 488.0, 458.0, 462.0, 418.0, 977.0, 523.0, 947.0, 582.0, 682.0, 499.0, 501.0, 447.0, 891.0, 410.0, 717.0, 627.0, 476.0, 363.0, 594.0, 454.0, 664.0, 540.0
583.0, 385.0, 616.0, 446.0, 548.0, 426.0, 503.0, 414.0, 505.0, 474.0, 479.0, 435.0, 992.0, 521.0, 961.0, 575.0, 704.0, 506.0, 519.0, 461.0, 902.0, 410.0, 738.0, 623.0, 490.0, 382.0, 611.0, 464.0, 685.0, 544.0
547.0, 363.0, 583.0, 433.0, 510.0, 412.0, 451.0, 395.0, 463.0, 462.0, 430.0, 412.0, 989.0, 515.0, 960.0, 573.0, 681.0, 498.0, 481.0, 452.0, 899.0, 396.0, 717.0, 628.0, 441.0, 362.0, 576.0, 450.0, 657.0, 540.0
531.0, 387.0, 571.0, 441.0, 496.0, 434.0, 448.0, 433.0, 465.0, 494.0, 421.0, 453.0, 979.0, 448.0, 960.0, 508.0, 675.0, 488.0, 474.0, 477.0, 868.0, 350.0, 732.0, 606.0, 425.0, 396.0, 571.0, 458.0, 664.0, 529.0
565.0, 383.0, 586.0, 444.0, 518.0, 421.0, 476.0, 407.0, 480.0, 467.0, 449.0, 424.0, 967.0, 526.0, 933.0, 583.0, 675.0, 506.0, 496.0, 455.0, 879.0, 418.0, 713.0, 634.0, 456.0, 372.0, 582.0, 460.0, 653.0, 543.0
545.0, 372.0, 581.0, 437.0, 507.0, 418.0, 450.0, 400.0, 456.0, 473.0, 424.0, 425.0, 985.0, 509.0, 956.0, 567.0, 673.0, 502.0, 473.0, 454.0, 886.0, 390.0, 720.0, 626.0, 438.0, 365.0, 573.0, 453.0, 658.0, 537.0
568.0, 401.0, 600.0, 461.0, 526.0, 440.0, 485.0, 426.0, 494.0, 485.0, 468.0, 444.0, 966.0, 542.0, 935.0, 597.0, 677.0, 520.0, 507.0, 469.0, 885.0, 432.0, 716.0, 644.0, 477.0, 393.0, 595.0, 475.0, 660.0, 555.0
552.0, 379.0, 580.0, 449.0, 509.0, 425.0, 459.0, 405.0, 465.0, 473.0, 437.0, 424.0, 960.0, 527.0, 934.0, 580.0, 666.0, 509.0, 479.0, 461.0, 879.0, 417.0, 705.0, 633.0, 448.0, 371.0, 571.0, 465.0, 646.0, 551.0
542.0, 370.0, 574.0, 435.0, 503.0, 411.0, 450.0, 392.0, 455.0, 463.0, 426.0, 421.0, 960.0, 513.0, 936.0, 568.0, 663.0, 499.0, 470.0, 450.0, 875.0, 395.0, 704.0, 623.0, 436.0, 364.0, 565.0, 451.0, 642.0, 534.0
569.0, 380.0, 595.0, 450.0, 518.0, 422.0, 475.0, 407.0, 477.0, 469.0, 449.0, 425.0, 994.0, 546.0, 959.0, 600.0, 682.0, 517.0, 493.0, 457.0, 903.0, 427.0, 715.0, 648.0, 461.0, 373.0, 588.0, 463.0, 660.0, 555.0
560.0, 384.0, 585.0, 445.0, 512.0, 419.0, 472.0, 407.0, 478.0, 466.0, 454.0, 424.0, 958.0, 526.0, 927.0, 579.0, 666.0, 500.0, 493.0, 452.0, 866.0, 414.0, 706.0, 621.0, 461.0, 376.0, 579.0, 458.0, 653.0, 536.0
575.0, 379.0, 601.0, 439.0, 536.0, 415.0, 494.0, 396.0, 494.0, 455.0, 468.0, 419.0, 945.0, 512.0, 915.0, 567.0, 670.0, 492.0, 506.0, 442.0, 862.0, 408.0, 702.0, 603.0, 482.0, 366.0, 591.0, 450.0, 652.0, 522.0
586.0, 401.0, 606.0, 462.0, 546.0, 442.0, 497.0, 425.0, 500.0, 487.0, 477.0, 441.0, 974.0, 550.0, 936.0, 605.0, 688.0, 523.0, 514.0, 469.0, 886.0, 436.0, 721.0, 644.0, 491.0, 392.0, 601.0, 478.0, 664.0, 558.0
540.0, 397.0, 571.0, 456.0, 505.0, 438.0, 462.0, 427.0, 463.0, 486.0, 433.0, 447.0, 942.0, 524.0, 912.0, 577.0, 657.0, 518.0, 478.0, 473.0, 859.0, 420.0, 689.0, 633.0, 443.0, 387.0, 563.0, 473.0, 636.0, 552.0
561.0, 381.0, 590.0, 450.0, 522.0, 425.0, 489.0, 407.0, 486.0, 471.0, 467.0, 428.0, 946.0, 541.0, 912.0, 594.0, 670.0, 514.0, 504.0, 456.0, 871.0, 427.0, 695.0, 629.0, 478.0, 375.0, 585.0, 463.0, 647.0, 545.0
573.0, 370.0, 614.0, 433.0, 533.0, 413.0, 493.0, 399.0, 498.0, 462.0, 468.0, 421.0, 996.0, 503.0, 969.0, 559.0, 705.0, 495.0, 509.0, 448.0, 914.0, 391.0, 739.0, 619.0, 473.0, 366.0, 607.0, 452.0, 682.0, 534.0
587.0, 389.0, 618.0, 452.0, 549.0, 432.0, 503.0, 414.0, 499.0, 473.0, 469.0, 433.0, 987.0, 535.0, 955.0, 586.0, 698.0, 511.0, 520.0, 464.0, 898.0, 425.0, 733.0, 630.0, 490.0, 380.0, 609.0, 465.0, 680.0, 550.0
573.0, 381.0, 602.0, 441.0, 533.0, 418.0, 485.0, 400.0, 489.0, 468.0, 458.0, 417.0, 981.0, 509.0, 954.0, 571.0, 683.0, 504.0, 507.0, 449.0, 894.0, 407.0, 720.0, 632.0, 477.0, 368.0, 593.0, 454.0, 664.0, 540.0
558.0, 389.0, 582.0, 444.0, 526.0, 425.0, 476.0, 408.0, 481.0, 465.0, 456.0, 425.0, 936.0, 521.0, 911.0, 573.0, 668.0, 504.0, 500.0, 453.0, 855.0, 420.0, 695.0, 613.0, 469.0, 378.0, 579.0, 460.0, 648.0, 535.0
561.0, 399.0, 581.0, 464.0, 511.0, 442.0, 463.0, 421.0, 467.0, 490.0, 438.0, 448.0, 983.0, 552.0, 951.0, 605.0, 676.0, 531.0, 489.0, 477.0, 895.0, 432.0, 715.0, 665.0, 453.0, 388.0, 574.0, 482.0, 654.0, 569.0
585.0, 386.0, 613.0, 448.0, 546.0, 421.0, 497.0, 400.0, 494.0, 463.0, 478.0, 414.0, 983.0, 570.0, 946.0, 621.0, 693.0, 522.0, 512.0, 453.0, 906.0, 450.0, 708.0, 643.0, 491.0, 363.0, 604.0, 463.0, 667.0, 552.0
553.0, 348.0, 576.0, 425.0, 496.0, 388.0, 442.0, 355.0, 432.0, 434.0, 410.0, 375.0, 998.0, 580.0, 961.0, 633.0, 670.0, 517.0, 457.0, 417.0, 923.0, 447.0, 679.0, 662.0, 434.0, 318.0, 565.0, 445.0, 632.0, 554.0
538.0, 348.0, 570.0, 420.0, 493.0, 388.0, 438.0, 367.0, 437.0, 440.0, 408.0, 388.0, 986.0, 529.0, 952.0, 585.0, 667.0, 498.0, 460.0, 422.0, 905.0, 407.0, 696.0, 638.0, 430.0, 330.0, 565.0, 440.0, 637.0, 540.0
555.0, 340.0, 599.0, 410.0, 513.0, 384.0, 460.0, 366.0, 463.0, 439.0, 429.0, 381.0, 1010.5, 498.0, 979.0, 556.0, 686.0, 475.0, 481.0, 420.0, 916.0, 373.0, 727.0, 616.0, 442.0, 330.0, 588.0, 430.0, 663.0, 523.0
530.0, 344.0, 566.0, 428.0, 483.0, 395.0, 415.0, 364.0, 423.0, 444.0, 396.0, 386.0, 1008.0, 550.0, 980.0, 608.0, 670.0, 510.0, 442.0, 428.0, 926.0, 424.0, 705.0, 666.0, 410.0, 324.0, 558.0, 444.0, 638.0, 558.0
527.0, 350.0, 561.0, 429.0, 478.0, 400.0, 421.0, 377.0, 425.0, 460.0, 393.0, 405.0, 1011.0, 510.0, 977.0, 570.0, 670.0, 497.0, 446.0, 442.0, 913.0, 380.0, 718.0, 646.0, 408.0, 339.0, 555.0, 445.0, 642.0, 546.0
522.0, 376.0, 555.0, 450.0, 475.0, 424.0, 421.0, 403.0, 426.0, 476.0, 399.0, 424.0, 983.0, 529.0, 953.0, 586.0, 652.0, 517.0, 443.0, 458.0, 880.0, 409.0, 690.0, 654.0, 409.0, 365.0, 548.0, 465.0, 627.0, 559.0
543.0, 375.0, 581.0, 448.0, 502.0, 421.0, 447.0, 400.0, 451.0, 472.0, 419.0, 423.0, 1000.0, 537.0, 969.0, 596.0, 672.0, 518.0, 470.0, 455.0, 910.0, 419.0, 713.0, 657.0, 434.0, 365.0, 577.0, 467.0, 652.0, 563.0
533.0, 361.0, 560.0, 434.0, 487.0, 415.0, 424.0, 398.0, 434.0, 464.0, 405.0, 414.0, 978.0, 522.0, 947.0, 578.0, 655.0, 502.0, 451.0, 448.0, 890.0, 403.0, 694.0, 638.0, 409.0, 357.0, 557.0, 450.0, 634.0, 548.0
546.0, 366.0, 583.0, 441.0, 506.0, 416.0, 446.0, 394.0, 455.0, 469.0, 428.0, 418.0, 1007.0, 515.0, 977.0, 578.0, 684.0, 508.0, 478.0, 456.0, 912.0, 397.0, 722.0, 643.0, 440.0, 359.0, 573.0, 455.0, 661.0, 552.0
520.0, 355.0, 565.0, 429.0, 480.0, 408.0, 411.0, 390.0, 426.0, 464.0, 383.0, 409.0, 1012.0, 502.0, 991.0, 564.0, 680.0, 498.0, 445.0, 446.0, 915.0, 383.0, 715.0, 641.0, 393.0, 347.0, 560.0, 448.0, 647.0, 545.0
544.0, 362.0, 582.0, 437.0, 503.0, 411.0, 441.0, 389.0, 442.0, 470.0, 410.0, 411.0, 988.0, 593.0, 691.0, 514.0, 463.0, 451.0, 940.0, 408.0, 725.0, 659.0, 424.0, 349.0, 568.0, 457.0, 663.0, 560.0, -1.0, -1.0
526.0, 348.0, 570.0, 422.0, 493.0, 396.0, 427.0, 376.0, 434.0, 449.0, 402.0, 403.0, 997.0, 506.0, 970.0, 570.0, 659.0, 493.0, 458.0, 438.0, 911.0, 388.0, 708.0, 636.0, 413.0, 336.0, 560.0, 438.0, 640.0, 537.0
511.0, 346.0, 555.0, 415.0, 468.0, 384.0, 409.0, 368.0, 413.0, 441.0, 387.0, 387.0, 984.0, 514.0, 948.0, 571.0, 654.0, 491.0, 432.0, 421.0, 887.0, 386.0, 687.0, 633.0, 402.0, 326.0, 546.0, 434.0, 627.0, 538.0
541.0, 362.0, 573.0, 437.0, 487.0, 413.0, 436.0, 391.0, 437.0, 470.0, 405.0, 416.0, 1012.0, 517.0, 989.0, 578.0, 678.0, 512.0, 461.0, 451.0, 923.0, 394.0, 721.0, 662.0, 417.0, 354.0, 567.0, 455.0, 650.0, 562.0
539.0, 348.0, 575.0, 416.0, 499.0, 393.0, 447.0, 379.0, 454.0, 444.0, 420.0, 395.0, 994.0, 499.0, 962.0, 556.0, 676.0, 480.0, 469.0, 429.0, 905.0, 379.0, 715.0, 613.0, 436.0, 338.0, 572.0, 431.0, 652.0, 523.0
550.0, 333.0, 590.0, 407.0, 498.0, 378.0, 445.0, 355.0, 449.0, 432.0, 418.0, 377.0, 1007.0, 560.0, 689.0, 478.0, 470.0, 416.0, 947.0, 374.0, 735.0, 627.0, 432.0, 317.0, 582.0, 424.0, 664.0, 524.0, -1.0, -1.0
535.0, 362.0, 572.0, 434.0, 494.0, 408.0, 440.0, 391.0, 443.0, 461.0, 418.0, 415.0, 982.0, 515.0, 953.0, 574.0, 660.0, 500.0, 460.0, 443.0, 888.0, 399.0, 698.0, 629.0, 429.0, 353.0, 567.0, 454.0, 633.0, 537.0
533.0, 370.0, 580.0, 448.0, 493.0, 424.0, 444.0, 411.0, 443.0, 483.0, 407.0, 430.0, 1012.5, 511.0, 994.0, 575.0, 687.0, 508.0, 452.0, 463.0, 911.0, 395.0, 733.0, 657.0, 416.0, 366.0, 569.0, 464.0, 662.0, 559.0
537.0, 359.0, 569.0, 431.0, 495.0, 403.0, 436.0, 379.0, 438.0, 447.0, 407.0, 399.0, 990.0, 526.0, 953.0, 589.0, 657.0, 502.0, 466.0, 435.0, 899.0, 408.0, 693.0, 641.0, 426.0, 341.0, 560.0, 443.0, 632.0, 541.0
522.0, 364.0, 560.0, 439.0, 474.0, 415.0, 422.0, 393.0, 423.0, 468.0, 391.0, 418.0, 1000.0, 526.0, 966.0, 584.0, 662.0, 510.0, 440.0, 451.0, 907.0, 402.0, 705.0, 652.0, 398.0, 360.0, 547.0, 456.0, 641.0, 556.0
556.0, 356.0, 579.0, 427.0, 507.0, 399.0, 450.0, 374.0, 455.0, 446.0, 434.0, 397.0, 981.0, 531.0, 948.0, 584.0, 660.0, 493.0, 473.0, 433.0, 901.0, 416.0, 703.0, 632.0, 444.0, 344.0, 574.0, 442.0, 637.0, 533.0
526.0, 367.0, 575.0, 432.0, 494.0, 407.0, 435.0, 394.0, 448.0, 463.0, 411.0, 415.0, 982.0, 500.0, 956.0, 553.0, 666.0, 497.0, 464.0, 444.0, 884.0, 381.0, 713.0, 628.0, 426.0, 359.0, 567.0, 451.0, 640.0, 540.0
541.0, 353.0, 573.0, 431.0, 491.0, 396.0, 436.0, 368.0, 432.0, 449.0, 406.0, 394.0, 1007.0, 557.0, 972.0, 618.0, 674.0, 513.0, 453.0, 432.0, 924.0, 424.0, 701.0, 662.0, 421.0, 333.0, 562.0, 448.0, 642.0, 556.0
561.0, 384.0, 594.0, 455.0, 523.0, 429.0, 462.0, 412.0, 472.0, 481.0, 438.0, 437.0, 997.0, 516.0, 977.0, 570.0, 692.0, 512.0, 486.0, 463.0, 908.0, 398.0, 736.0, 646.0, 453.0, 372.0, 588.0, 466.0, 667.0, 554.0
575.0, 373.0, 596.0, 441.0, 530.0, 418.0, 483.0, 396.0, 479.0, 468.0, 454.0, 421.0, 994.0, 525.0, 974.0, 583.0, 697.0, 517.0, 500.0, 452.0, 913.0, 412.0, 725.0, 649.0, 468.0, 365.0, 590.0, 462.0, 671.0, 559.0
564.0, 387.0, 593.0, 458.0, 526.0, 433.0, 475.0, 408.0, 473.0, 481.0, 446.0, 432.0, 982.0, 555.0, 952.0, 607.0, 680.0, 522.0, 488.0, 465.0, 908.0, 437.0, 713.0, 654.0, 456.0, 373.0, 586.0, 472.0, 657.0, 560.0
549.0, 365.0, 589.0, 434.0, 513.0, 413.0, 462.0, 395.0, 459.0, 465.0, 432.0, 415.0, 984.0, 522.0, 954.0, 578.0, 671.0, 501.0, 478.0, 447.0, 893.0, 402.0, 702.0, 631.0, 445.0, 356.0, 577.0, 455.0, 648.0, 542.0
541.0, 379.0, 575.0, 444.0, 505.0, 424.0, 448.0, 405.0, 459.0, 478.0, 433.0, 431.0, 961.0, 521.0, 934.0, 575.0, 666.0, 508.0, 476.0, 459.0, 879.0, 412.0, 710.0, 639.0, 443.0, 373.0, 573.0, 464.0, 648.0, 554.0
569.0, 375.0, 598.0, 444.0, 528.0, 419.0, 471.0, 401.0, 485.0, 471.0, 453.0, 423.0, 997.0, 505.0, 971.0, 567.0, 692.0, 504.0, 494.0, 457.0, 904.0, 401.0, 733.0, 632.0, 470.0, 372.0, 595.0, 460.0, 671.0, 547.0
538.0, 387.0, 573.0, 453.0, 503.0, 431.0, 454.0, 414.0, 455.0, 481.0, 424.0, 434.0, 968.0, 524.0, 937.0, 583.0, 658.0, 512.0, 471.0, 466.0, 873.0, 413.0, 696.0, 637.0, 453.0, 382.0, 567.0, 469.0, 639.0, 553.0
538.0, 357.0, 572.0, 425.0, 501.0, 404.0, 447.0, 389.0, 451.0, 453.0, 421.0, 406.0, 969.0, 506.0, 939.0, 563.0, 667.0, 489.0, 468.0, 439.0, 883.0, 392.0, 696.0, 621.0, 448.0, 356.0, 568.0, 443.0, 643.0, 535.0
554.0, 352.0, 589.0, 417.0, 515.0, 393.0, 466.0, 374.0, 467.0, 443.0, 438.0, 396.0, 989.0, 492.0, 960.0, 550.0, 678.0, 482.0, 482.0, 428.0, 898.0, 382.0, 715.0, 615.0, 461.0, 344.0, 580.0, 435.0, 657.0, 526.0
538.0, 357.0, 573.0, 426.0, 494.0, 400.0, 443.0, 383.0, 447.0, 453.0, 416.0, 407.0, 983.0, 520.0, 951.0, 579.0, 663.0, 497.0, 461.0, 437.0, 901.0, 398.0, 703.0, 635.0, 446.0, 349.0, 565.0, 445.0, 646.0, 540.0
599.0, 373.0, 628.0, 442.0, 557.0, 413.0, 509.0, 391.0, 508.0, 463.0, 477.0, 417.0, 1007.0, 536.0, 974.0, 593.0, 713.0, 513.0, 524.0, 445.0, 926.0, 422.0, 743.0, 643.0, 510.0, 361.0, 619.0, 457.0, 687.0, 551.0
569.0, 372.0, 595.0, 431.0, 531.0, 414.0, 487.0, 396.0, 486.0, 460.0, 460.0, 415.0, 948.0, 516.0, 918.0, 569.0, 666.0, 495.0, 504.0, 444.0, 871.0, 407.0, 706.0, 613.0, 470.0, 367.0, 586.0, 454.0, 646.0, 529.0
565.0, 356.0, 593.0, 427.0, 518.0, 400.0, 475.0, 376.0, 472.0, 449.0, 447.0, 401.0, 991.0, 522.0, 958.0, 579.0, 682.0, 493.0, 489.0, 432.0, 902.0, 403.0, 713.0, 626.0, 474.0, 349.0, 585.0, 443.0, 659.0, 534.0
527.0, 381.0, 558.0, 448.0, 488.0, 419.0, 439.0, 397.0, 439.0, 467.0, 411.0, 425.0, 936.0, 536.0, 902.0, 590.0, 642.0, 509.0, 454.0, 453.0, 854.0, 425.0, 669.0, 638.0, 440.0, 370.0, 547.0, 462.0, 615.0, 549.0
548.0, 364.0, 572.0, 436.0, 506.0, 404.0, 460.0, 380.0, 456.0, 453.0, 435.0, 401.0, 960.0, 537.0, 926.0, 589.0, 652.0, 505.0, 474.0, 439.0, 882.0, 420.0, 686.0, 639.0, 466.0, 354.0, 566.0, 449.0, 631.0, 545.0
566.0, 413.0, 614.0, 471.0, 539.0, 467.0, 484.0, 457.0, 502.0, 523.0, 464.0, 485.0, 1011.5, 462.0, 1002.0, 524.0, 715.0, 514.0, 514.0, 506.0, 903.0, 371.0, 782.0, 635.0, 476.0, 428.0, 609.0, 487.0, 707.0, 560.0
553.0, 371.0, 581.0, 433.0, 514.0, 411.0, 470.0, 391.0, 472.0, 456.0, 446.0, 412.0, 953.0, 510.0, 924.0, 570.0, 668.0, 495.0, 484.0, 442.0, 869.0, 406.0, 693.0, 613.0, 464.0, 365.0, 574.0, 448.0, 642.0, 530.0
551.0, 384.0, 582.0, 446.0, 518.0, 426.0, 469.0, 410.0, 475.0, 474.0, 448.0, 432.0, 951.0, 504.0, 922.0, 564.0, 662.0, 502.0, 487.0, 459.0, 866.0, 402.0, 703.0, 621.0, 470.0, 381.0, 576.0, 462.0, 645.0, 538.0
559.0, 357.0, 595.0, 423.0, 515.0, 401.0, 470.0, 386.0, 474.0, 452.0, 446.0, 408.0, 996.0, 493.0, 964.0, 550.0, 693.0, 489.0, 491.0, 438.0, 909.0, 382.0, 730.0, 616.0, 469.0, 356.0, 586.0, 440.0, 668.0, 529.0
552.0, 385.0, 585.0, 445.0, 518.0, 426.0, 472.0, 406.0, 474.0, 470.0, 446.0, 429.0, 947.0, 512.0, 922.0, 569.0, 666.0, 503.0, 489.0, 455.0, 860.0, 410.0, 699.0, 622.0, 470.0, 379.0, 577.0, 461.0, 645.0, 539.0
530.0, 368.0, 565.0, 433.0, 494.0, 412.0, 449.0, 395.0, 454.0, 459.0, 425.0, 418.0, 943.0, 503.0, 918.0, 559.0, 648.0, 490.0, 468.0, 445.0, 861.0, 396.0, 689.0, 615.0, 448.0, 366.0, 560.0, 448.0, 630.0, 526.0
567.0, 374.0, 599.0, 435.0, 521.0, 412.0, 480.0, 397.0, 484.0, 464.0, 451.0, 417.0, 993.0, 501.0, 963.0, 556.0, 694.0, 497.0, 497.0, 447.0, 904.0, 393.0, 732.0, 625.0, 477.0, 369.0, 589.0, 450.0, 670.0, 538.0
577.0, 368.0, 607.0, 438.0, 538.0, 412.0, 491.0, 391.0, 489.0, 456.0, 465.0, 411.0, 991.0, 541.0, 959.0, 596.0, 683.0, 505.0, 503.0, 441.0, 909.0, 426.0, 719.0, 638.0, 493.0, 361.0, 598.0, 455.0, 665.0, 545.0
566.0, 335.0, 599.0, 409.0, 529.0, 379.0, 475.0, 358.0, 478.0, 428.0, 450.0, 382.0, 990.0, 504.0, 956.0, 562.0, 684.0, 477.0, 494.0, 415.0, 908.0, 384.0, 716.0, 609.0, 476.0, 332.0, 588.0, 425.0, 658.0, 517.0
534.0, 345.0, 567.0, 410.0, 500.0, 388.0, 454.0, 369.0, 454.0, 432.0, 426.0, 386.0, 933.0, 497.0, 902.0, 547.0, 646.0, 473.0, 469.0, 418.0, 851.0, 389.0, 679.0, 593.0, 450.0, 342.0, 558.0, 423.0, 625.0, 507.0
545.0, 357.0, 580.0, 428.0, 507.0, 400.0, 460.0, 380.0, 460.0, 445.0, 433.0, 398.0, 971.0, 525.0, 939.0, 577.0, 660.0, 494.0, 477.0, 433.0, 881.0, 406.0, 703.0, 628.0, 458.0, 352.0, 573.0, 445.0, 639.0, 531.0
535.0, 359.0, 581.0, 430.0, 498.0, 404.0, 449.0, 389.0, 449.0, 456.0, 422.0, 411.0, 998.0, 503.0, 967.0, 564.0, 675.0, 493.0, 463.0, 441.0, 894.0, 385.0, 721.0, 629.0, 440.0, 354.0, 573.0, 445.0, 651.0, 536.0
514.0, 361.0, 558.0, 439.0, 476.0, 413.0, 415.0, 389.0, 417.0, 460.0, 391.0, 409.0, 999.0, 523.0, 971.0, 587.0, 662.0, 509.0, 431.0, 446.0, 900.0, 403.0, 695.0, 651.0, 411.0, 351.0, 547.0, 458.0, 632.0, 557.0
531.0, 356.0, 570.0, 428.0, 490.0, 399.0, 430.0, 379.0, 424.0, 454.0, 399.0, 399.0, 985.0, 593.0, 672.0, 508.0, 448.0, 436.0, 931.0, 408.0, 716.0, 656.0, 424.0, 340.0, 558.0, 448.0, 646.0, 553.0, -1.0, -1.0
528.0, 368.0, 569.0, 448.0, 488.0, 416.0, 432.0, 388.0, 433.0, 464.0, 407.0, 407.0, 1002.0, 556.0, 961.0, 614.0, 666.0, 521.0, 446.0, 445.0, 902.0, 426.0, 695.0, 661.0, 429.0, 355.0, 558.0, 463.0, 635.0, 565.0
525.0, 354.0, 569.0, 424.0, 491.0, 395.0, 445.0, 381.0, 442.0, 445.0, 413.0, 397.0, 974.0, 514.0, 940.0, 568.0, 661.0, 491.0, 457.0, 431.0, 881.0, 401.0, 691.0, 623.0, 437.0, 348.0, 560.0, 439.0, 633.0, 528.0
549.0, 352.0, 591.0, 435.0, 504.0, 404.0, 441.0, 379.0, 448.0, 460.0, 417.0, 404.0, 994.0, 615.0, 683.0, 511.0, 465.0, 446.0, 948.0, 425.0, 720.0, 663.0, 442.0, 349.0, 583.0, 455.0, 658.0, 558.0, -1.0, -1.0
555.0, 355.0, 594.0, 437.0, 513.0, 404.0, 454.0, 383.0, 456.0, 456.0, 424.0, 406.0, 1008.5, 596.0, 698.0, 507.0, 475.0, 447.0, 942.0, 413.0, 740.0, 650.0, 452.0, 349.0, 586.0, 451.0, 679.0, 556.0, -1.0, -1.0
510.0, 354.0, 555.0, 437.0, 460.0, 405.0, 405.0, 380.0, 403.0, 459.0, 367.0, 401.0, 1012.0, 552.0, 979.0, 610.0, 659.0, 517.0, 423.0, 443.0, 928.0, 419.0, 696.0, 670.0, 400.0, 346.0, 541.0, 453.0, 633.0, 570.0
532.0, 353.0, 574.0, 430.0, 494.0, 405.0, 438.0, 385.0, 442.0, 457.0, 411.0, 410.0, 1008.5, 504.0, 976.0, 559.0, 675.0, 495.0, 461.0, 441.0, 906.0, 381.0, 718.0, 633.0, 433.0, 355.0, 563.0, 444.0, 652.0, 542.0
550.0, 382.0, 588.0, 457.0, 502.0, 430.0, 453.0, 411.0, 455.0, 485.0, 426.0, 435.0, 1013.0, 539.0, 989.0, 604.0, 684.0, 527.0, 473.0, 467.0, 924.0, 428.0, 732.0, 670.0, 447.0, 380.0, 577.0, 477.0, 663.0, 572.0
539.0, 396.0, 580.0, 475.0, 501.0, 445.0, 447.0, 425.0, 447.0, 500.0, 419.0, 448.0, 1005.0, 548.0, 976.0, 605.0, 678.0, 536.0, 464.0, 484.0, 908.0, 430.0, 719.0, 667.0, 443.0, 394.0, 571.0, 489.0, 655.0, 581.0
543.0, 366.0, 584.0, 439.0, 512.0, 414.0, 455.0, 395.0, 459.0, 464.0, 432.0, 418.0, 988.0, 523.0, 959.0, 577.0, 673.0, 505.0, 475.0, 449.0, 893.0, 406.0, 712.0, 630.0, 452.0, 367.0, 578.0, 455.0, 654.0, 545.0
539.0, 372.0, 581.0, 438.0, 510.0, 420.0, 459.0, 397.0, 456.0, 460.0, 433.0, 416.0, 948.0, 523.0, 916.0, 575.0, 653.0, 503.0, 474.0, 446.0, 865.0, 412.0, 684.0, 619.0, 452.0, 363.0, 567.0, 455.0, 628.0, 533.0
546.0, 377.0, 587.0, 447.0, 510.0, 424.0, 465.0, 405.0, 466.0, 469.0, 438.0, 424.0, 979.0, 514.0, 947.0, 573.0, 678.0, 505.0, 479.0, 456.0, 883.0, 407.0, 708.0, 631.0, 456.0, 374.0, 579.0, 459.0, 654.0, 546.0
538.0, 362.0, 583.0, 431.0, 499.0, 408.0, 451.0, 394.0, 455.0, 460.0, 425.0, 411.0, 994.0, 499.0, 962.0, 562.0, 679.0, 500.0, 469.0, 445.0, 892.0, 390.0, 718.0, 633.0, 444.0, 362.0, 575.0, 450.0, 653.0, 538.0
539.0, 371.0, 577.0, 441.0, 499.0, 416.0, 449.0, 398.0, 449.0, 468.0, 419.0, 418.0, 990.0, 529.0, 955.0, 589.0, 670.0, 507.0, 463.0, 449.0, 901.0, 409.0, 706.0, 639.0, 444.0, 365.0, 568.0, 458.0, 644.0, 545.0
525.0, 377.0, 558.0, 447.0, 483.0, 421.0, 442.0, 401.0, 444.0, 466.0, 418.0, 420.0, 936.0, 528.0, 903.0, 583.0, 640.0, 507.0, 457.0, 451.0, 846.0, 415.0, 676.0, 633.0, 440.0, 373.0, 552.0, 461.0, 621.0, 543.0
559.0, 382.0, 591.0, 454.0, 518.0, 424.0, 471.0, 406.0, 466.0, 474.0, 446.0, 425.0, 991.0, 556.0, 959.0, 608.0, 676.0, 520.0, 485.0, 458.0, 906.0, 437.0, 705.0, 652.0, 469.0, 373.0, 581.0, 469.0, 654.0, 559.0
521.0, 374.0, 563.0, 453.0, 488.0, 426.0, 429.0, 406.0, 430.0, 479.0, 404.0, 429.0, 982.0, 539.0, 951.0, 603.0, 654.0, 526.0, 447.0, 464.0, 885.0, 429.0, 698.0, 662.0, 428.0, 373.0, 552.0, 471.0, 633.0, 570.0
579.0, 377.0, 611.0, 444.0, 539.0, 421.0, 492.0, 398.0, 496.0, 465.0, 466.0, 420.0, 990.0, 524.0, 960.0, 579.0, 696.0, 505.0, 507.0, 450.0, 904.0, 416.0, 733.0, 628.0, 488.0, 371.0, 603.0, 458.0, 673.0, 542.0
530.0, 340.0, 575.0, 418.0, 494.0, 392.0, 440.0, 374.0, 440.0, 440.0, 411.0, 388.0, 1007.0, 514.0, 976.0, 572.0, 671.0, 495.0, 458.0, 431.0, 903.0, 393.0, 703.0, 638.0, 435.0, 339.0, 564.0, 437.0, 641.0, 537.0
549.0, 358.0, 583.0, 435.0, 509.0, 406.0, 454.0, 384.0, 450.0, 455.0, 423.0, 405.0, 1007.0, 536.0, 970.0, 593.0, 680.0, 508.0, 469.0, 438.0, 918.0, 414.0, 715.0, 641.0, 447.0, 354.0, 574.0, 450.0, 650.0, 546.0
533.0, 374.0, 576.0, 446.0, 495.0, 417.0, 449.0, 405.0, 447.0, 470.0, 417.0, 420.0, 984.0, 524.0, 954.0, 586.0, 668.0, 510.0, 463.0, 456.0, 895.0, 415.0, 698.0, 642.0, 441.0, 372.0, 565.0, 463.0, 645.0, 553.0
527.0, 352.0, 561.0, 426.0, 490.0, 396.0, 432.0, 377.0, 432.0, 445.0, 404.0, 400.0, 972.0, 515.0, 947.0, 566.0, 655.0, 493.0, 449.0, 429.0, 885.0, 395.0, 691.0, 627.0, 433.0, 344.0, 555.0, 440.0, 629.0, 529.0
528.0, 336.0, 563.0, 415.0, 488.0, 387.0, 434.0, 372.0, 438.0, 440.0, 406.0, 391.0, 1006.0, 507.0, 969.0, 564.0, 668.0, 484.0, 452.0, 426.0, 908.0, 388.0, 706.0, 629.0, 429.0, 331.0, 556.0, 430.0, 645.0, 531.0
529.0, 373.0, 576.0, 449.0, 491.0, 421.0, 429.0, 401.0, 435.0, 475.0, 403.0, 422.0, 1012.0, 539.0, 984.0, 599.0, 678.0, 518.0, 451.0, 461.0, 913.0, 414.0, 714.0, 662.0, 427.0, 366.0, 567.0, 465.0, 650.0, 566.0
516.0, 345.0, 561.0, 422.0, 474.0, 394.0, 418.0, 369.0, 421.0, 445.0, 391.0, 397.0, 1000.0, 517.0, 968.0, 580.0, 661.0, 501.0, 439.0, 432.0, 900.0, 398.0, 695.0, 643.0, 421.0, 333.0, 549.0, 441.0, 636.0, 549.0
583.0, 385.0, 611.0, 452.0, 545.0, 432.0, 495.0, 413.0, 498.0, 478.0, 472.0, 431.0, 991.0, 532.0, 961.0, 589.0, 699.0, 516.0, 511.0, 466.0, 907.0, 425.0, 724.0, 639.0, 488.0, 382.0, 605.0, 468.0, 674.0, 552.0
548.0, 397.0, 583.0, 466.0, 511.0, 445.0, 459.0, 429.0, 466.0, 499.0, 436.0, 452.0, 984.0, 525.0, 953.0, 583.0, 681.0, 526.0, 479.0, 481.0, 890.0, 417.0, 719.0, 652.0, 449.0, 396.0, 576.0, 481.0, 659.0, 567.0
546.0, 339.0, 578.0, 409.0, 506.0, 380.0, 459.0, 365.0, 459.0, 430.0, 436.0, 381.0, 977.0, 510.0, 943.0, 564.0, 667.0, 476.0, 473.0, 415.0, 888.0, 386.0, 695.0, 605.0, 464.0, 333.0, 571.0, 425.0, 639.0, 516.0
550.0, 392.0, 593.0, 463.0, 522.0, 441.0, 468.0, 428.0, 476.0, 493.0, 446.0, 446.0, 990.0, 527.0, 963.0, 586.0, 694.0, 525.0, 488.0, 475.0, 898.0, 417.0, 732.0, 658.0, 464.0, 394.0, 587.0, 477.0, 666.0, 567.0
557.0, 382.0, 591.0, 451.0, 518.0, 427.0, 471.0, 407.0, 471.0, 475.0, 445.0, 433.0, 982.0, 525.0, 953.0, 583.0, 682.0, 514.0, 488.0, 459.0, 888.0, 412.0, 716.0, 641.0, 462.0, 379.0, 581.0, 467.0, 659.0, 552.0
561.0, 403.0, 588.0, 461.0, 533.0, 437.0, 485.0, 425.0, 490.0, 478.0, 466.0, 441.0, 939.0, 534.0, 908.0, 584.0, 667.0, 518.0, 499.0, 467.0, 858.0, 432.0, 697.0, 629.0, 483.0, 396.0, 581.0, 470.0, 647.0, 549.0
554.0, 386.0, 582.0, 447.0, 519.0, 420.0, 476.0, 408.0, 473.0, 463.0, 453.0, 420.0, 956.0, 535.0, 922.0, 592.0, 670.0, 511.0, 490.0, 450.0, 872.0, 425.0, 696.0, 633.0, 468.0, 374.0, 577.0, 460.0, 647.0, 544.0
562.0, 380.0, 591.0, 441.0, 531.0, 422.0, 480.0, 408.0, 483.0, 467.0, 453.0, 425.0, 977.0, 511.0, 944.0, 569.0, 684.0, 500.0, 494.0, 455.0, 882.0, 403.0, 718.0, 628.0, 469.0, 378.0, 585.0, 456.0, 665.0, 540.0
548.0, 363.0, 588.0, 438.0, 520.0, 413.0, 463.0, 397.0, 464.0, 463.0, 439.0, 416.0, 997.0, 515.0, 964.0, 574.0, 689.0, 502.0, 483.0, 445.0, 908.0, 400.0, 722.0, 634.0, 453.0, 362.0, 578.0, 450.0, 662.0, 547.0
539.0, 389.0, 578.0, 456.0, 497.0, 431.0, 449.0, 414.0, 450.0, 485.0, 423.0, 433.0, 988.0, 533.0, 959.0, 592.0, 670.0, 520.0, 466.0, 464.0, 894.0, 416.0, 714.0, 653.0, 440.0, 383.0, 570.0, 472.0, 652.0, 562.0
542.0, 389.0, 578.0, 455.0, 510.0, 434.0, 460.0, 416.0, 464.0, 477.0, 440.0, 433.0, 945.0, 530.0, 918.0, 578.0, 658.0, 507.0, 476.0, 462.0, 865.0, 414.0, 692.0, 629.0, 457.0, 386.0, 568.0, 467.0, 640.0, 547.0
535.0, 393.0, 571.0, 455.0, 513.0, 440.0, 455.0, 426.0, 466.0, 483.0, 438.0, 444.0, 937.0, 516.0, 909.0, 569.0, 652.0, 507.0, 477.0, 467.0, 853.0, 415.0, 692.0, 624.0, 457.0, 393.0, 563.0, 465.0, 632.0, 541.0
523.0, 399.0, 554.0, 463.0, 494.0, 439.0, 447.0, 421.0, 444.0, 486.0, 421.0, 438.0, 907.0, 533.0, 882.0, 588.0, 633.0, 518.0, 458.0, 467.0, 820.0, 428.0, 658.0, 640.0, 440.0, 393.0, 545.0, 475.0, 610.0, 553.0
551.0, 380.0, 584.0, 439.0, 518.0, 419.0, 475.0, 405.0, 476.0, 466.0, 448.0, 423.0, 959.0, 514.0, 927.0, 569.0, 664.0, 502.0, 487.0, 447.0, 870.0, 408.0, 697.0, 624.0, 462.0, 374.0, 577.0, 455.0, 640.0, 540.0
540.0, 397.0, 576.0, 462.0, 501.0, 441.0, 458.0, 427.0, 458.0, 488.0, 428.0, 446.0, 985.0, 531.0, 951.0, 591.0, 668.0, 524.0, 469.0, 474.0, 890.0, 419.0, 718.0, 653.0, 444.0, 394.0, 568.0, 478.0, 651.0, 563.0
552.0, 393.0, 586.0, 453.0, 523.0, 436.0, 475.0, 422.0, 476.0, 475.0, 453.0, 435.0, 953.0, 528.0, 921.0, 578.0, 667.0, 509.0, 488.0, 464.0, 868.0, 420.0, 702.0, 625.0, 470.0, 391.0, 576.0, 467.0, 648.0, 544.0
540.0, 381.0, 572.0, 445.0, 512.0, 423.0, 462.0, 407.0, 462.0, 473.0, 436.0, 426.0, 961.0, 525.0, 927.0, 587.0, 664.0, 508.0, 474.0, 456.0, 870.0, 416.0, 695.0, 635.0, 452.0, 378.0, 564.0, 460.0, 637.0, 547.0
590.0, 383.0, 610.0, 453.0, 545.0, 415.0, 509.0, 393.0, 495.0, 449.0, 481.0, 402.0, 929.0, 611.0, 886.0, 654.0, 668.0, 529.0, 513.0, 435.0, 863.0, 481.0, 667.0, 643.0, 507.0, 362.0, 601.0, 467.0, 646.0, 555.0
549.0, 367.0, 583.0, 434.0, 517.0, 413.0, 464.0, 396.0, 466.0, 461.0, 440.0, 412.0, 965.0, 531.0, 930.0, 588.0, 665.0, 499.0, 478.0, 446.0, 882.0, 411.0, 689.0, 626.0, 454.0, 363.0, 573.0, 452.0, 641.0, 538.0
561.0, 360.0, 590.0, 431.0, 521.0, 400.0, 476.0, 376.0, 470.0, 442.0, 445.0, 395.0, 958.0, 569.0, 925.0, 618.0, 664.0, 508.0, 483.0, 426.0, 885.0, 444.0, 680.0, 639.0, 466.0, 345.0, 578.0, 447.0, 637.0, 543.0
562.0, 357.0, 603.0, 435.0, 520.0, 409.0, 456.0, 384.0, 465.0, 461.0, 433.0, 406.0, 708.0, 512.0, 482.0, 445.0, 959.0, 402.0, 751.0, 660.0, 466.0, 348.0, 595.0, 454.0, 686.0, 562.0, -1.0, -1.0, -1.0, -1.0
555.0, 384.0, 603.0, 460.0, 521.0, 428.0, 453.0, 410.0, 463.0, 484.0, 434.0, 431.0, 1006.0, 626.0, 706.0, 537.0, 480.0, 469.0, 943.0, 438.0, 734.0, 681.0, 464.0, 380.0, 593.0, 479.0, 671.0, 580.0, -1.0, -1.0
531.0, 383.0, 569.0, 460.0, 469.0, 425.0, 431.0, 411.0, 431.0, 483.0, 400.0, 425.0, 1013.0, 552.0, 983.0, 616.0, 669.0, 535.0, 448.0, 468.0, 921.0, 429.0, 706.0, 681.0, 432.0, 374.0, 560.0, 478.0, 643.0, 582.0
527.0, 366.0, 572.0, 445.0, 482.0, 413.0, 423.0, 390.0, 432.0, 472.0, 399.0, 413.0, 1010.5, 535.0, 983.0, 595.0, 673.0, 517.0, 449.0, 455.0, 915.0, 411.0, 711.0, 665.0, 432.0, 360.0, 563.0, 465.0, 645.0, 565.0
524.0, 344.0, 564.0, 422.0, 479.0, 395.0, 417.0, 372.0, 426.0, 452.0, 395.0, 396.0, 997.0, 576.0, 672.0, 500.0, 443.0, 438.0, 924.0, 391.0, 717.0, 650.0, 423.0, 337.0, 556.0, 442.0, 652.0, 550.0, -1.0, -1.0
540.0, 332.0, 584.0, 411.0, 493.0, 384.0, 433.0, 361.0, 440.0, 441.0, 410.0, 385.0, 1010.0, 574.0, 696.0, 488.0, 457.0, 425.0, 937.0, 378.0, 731.0, 634.0, 440.0, 328.0, 573.0, 431.0, 664.0, 537.0, -1.0, -1.0
517.0, 366.0, 561.0, 441.0, 474.0, 417.0, 416.0, 400.0, 425.0, 474.0, 395.0, 423.0, 1001.0, 517.0, 966.0, 580.0, 663.0, 509.0, 443.0, 457.0, 897.0, 397.0, 700.0, 649.0, 421.0, 366.0, 551.0, 460.0, 636.0, 555.0
504.0, 368.0, 547.0, 446.0, 461.0, 415.0, 406.0, 398.0, 409.0, 473.0, 381.0, 417.0, 993.0, 526.0, 963.0, 590.0, 656.0, 518.0, 428.0, 453.0, 895.0, 408.0, 692.0, 659.0, 409.0, 361.0, 539.0, 463.0, 627.0, 564.0
536.0, 372.0, 574.0, 442.0, 491.0, 421.0, 440.0, 400.0, 442.0, 470.0, 414.0, 421.0, 995.0, 525.0, 963.0, 587.0, 676.0, 513.0, 458.0, 455.0, 896.0, 408.0, 712.0, 647.0, 440.0, 368.0, 567.0, 460.0, 649.0, 554.0
527.0, 359.0, 564.0, 438.0, 480.0, 407.0, 424.0, 387.0, 429.0, 463.0, 401.0, 407.0, 995.0, 539.0, 962.0, 597.0, 664.0, 510.0, 443.0, 444.0, 900.0, 413.0, 698.0, 651.0, 432.0, 356.0, 552.0, 457.0, 640.0, 561.0
552.0, 364.0, 598.0, 441.0, 499.0, 414.0, 445.0, 391.0, 451.0, 470.0, 419.0, 418.0, 1013.5, 600.0, 700.0, 514.0, 467.0, 456.0, 961.0, 407.0, 745.0, 667.0, 451.0, 355.0, 587.0, 461.0, 673.0, 565.0, -1.0, -1.0
544.0, 348.0, 585.0, 434.0, 494.0, 403.0, 434.0, 378.0, 439.0, 465.0, 407.0, 404.0, 1012.0, 598.0, 694.0, 515.0, 456.0, 445.0, 942.0, 405.0, 730.0, 669.0, 442.0, 343.0, 576.0, 456.0, 662.0, 562.0, -1.0, -1.0
564.0, 367.0, 609.0, 440.0, 507.0, 413.0, 458.0, 392.0, 471.0, 474.0, 434.0, 415.0, 716.0, 514.0, 485.0, 455.0, 959.0, 406.0, 753.0, 655.0, 464.0, 360.0, 601.0, 461.0, 687.0, 562.0, -1.0, -1.0, -1.0, -1.0
597.0, 350.0, 614.0, 440.0, 534.0, 384.0, 483.0, 345.0, 470.0, 428.0, 453.0, 364.0, 989.0, 703.0, 699.0, 541.0, 489.0, 413.0, 980.0, 506.0, 697.0, 697.0, 499.0, 316.0, 599.0, 450.0, 660.0, 581.0, -1.0, -1.0
549.0, 361.0, 595.0, 445.0, 508.0, 416.0, 448.0, 396.0, 453.0, 474.0, 420.0, 416.0, 1012.5, 593.0, 702.0, 517.0, 470.0, 457.0, 951.0, 403.0, 743.0, 665.0, 450.0, 359.0, 584.0, 462.0, 673.0, 569.0, -1.0, -1.0
547.0, 390.0, 590.0, 468.0, 505.0, 440.0, 445.0, 420.0, 449.0, 494.0, 421.0, 440.0, 1008.0, 616.0, 695.0, 543.0, 464.0, 480.0, 936.0, 433.0, 733.0, 690.0, 450.0, 385.0, 583.0, 488.0, 663.0, 589.0, -1.0, -1.0
554.0, 374.0, 600.0, 455.0, 512.0, 427.0, 450.0, 409.0, 459.0, 485.0, 429.0, 427.0, 702.0, 528.0, 474.0, 468.0, 955.0, 412.0, 752.0, 679.0, 457.0, 371.0, 590.0, 474.0, 678.0, 579.0, -1.0, -1.0, -1.0, -1.0
579.0, 338.0, 609.0, 422.0, 526.0, 381.0, 471.0, 349.0, 467.0, 431.0, 449.0, 373.0, 990.0, 637.0, 693.0, 506.0, 485.0, 415.0, 948.0, 436.0, 711.0, 659.0, 488.0, 320.0, 598.0, 441.0, 664.0, 552.0, -1.0, -1.0
532.0, 359.0, 570.0, 426.0, 495.0, 404.0, 444.0, 385.0, 452.0, 455.0, 423.0, 403.0, 953.0, 506.0, 931.0, 561.0, 656.0, 489.0, 465.0, 436.0, 865.0, 391.0, 689.0, 616.0, 450.0, 355.0, 561.0, 444.0, 631.0, 532.0
541.0, 364.0, 572.0, 431.0, 502.0, 409.0, 450.0, 392.0, 454.0, 456.0, 428.0, 409.0, 964.0, 518.0, 931.0, 575.0, 665.0, 498.0, 472.0, 444.0, 877.0, 403.0, 695.0, 625.0, 456.0, 361.0, 564.0, 449.0, 635.0, 538.0
524.0, 370.0, 568.0, 447.0, 475.0, 427.0, 413.0, 404.0, 424.0, 478.0, 391.0, 427.0, 993.0, 602.0, 675.0, 523.0, 443.0, 465.0, 917.0, 412.0, 717.0, 668.0, 423.0, 371.0, 559.0, 468.0, 652.0, 570.0, -1.0, -1.0
540.0, 375.0, 577.0, 447.0, 503.0, 424.0, 448.0, 405.0, 454.0, 476.0, 424.0, 426.0, 984.0, 535.0, 950.0, 591.0, 671.0, 516.0, 471.0, 462.0, 894.0, 415.0, 701.0, 646.0, 450.0, 374.0, 568.0, 467.0, 647.0, 560.0
544.0, 377.0, 582.0, 446.0, 508.0, 423.0, 455.0, 406.0, 460.0, 474.0, 431.0, 428.0, 986.0, 518.0, 956.0, 579.0, 674.0, 511.0, 475.0, 459.0, 900.0, 403.0, 712.0, 641.0, 456.0, 377.0, 572.0, 462.0, 650.0, 555.0
537.0, 376.0, 568.0, 445.0, 492.0, 419.0, 439.0, 399.0, 449.0, 472.0, 423.0, 425.0, 969.0, 538.0, 935.0, 595.0, 661.0, 513.0, 463.0, 457.0, 878.0, 419.0, 689.0, 646.0, 447.0, 374.0, 563.0, 463.0, 634.0, 554.0
538.0, 354.0, 576.0, 426.0, 495.0, 402.0, 445.0, 386.0, 451.0, 457.0, 419.0, 407.0, 979.0, 500.0, 954.0, 560.0, 670.0, 493.0, 468.0, 444.0, 884.0, 387.0, 705.0, 624.0, 446.0, 355.0, 567.0, 442.0, 646.0, 537.0
536.0, 359.0, 573.0, 429.0, 497.0, 403.0, 444.0, 384.0, 452.0, 453.0, 424.0, 407.0, 975.0, 512.0, 942.0, 572.0, 660.0, 493.0, 466.0, 438.0, 886.0, 397.0, 696.0, 625.0, 450.0, 353.0, 565.0, 444.0, 637.0, 535.0
563.0, 382.0, 590.0, 453.0, 517.0, 428.0, 466.0, 407.0, 471.0, 481.0, 444.0, 430.0, 1002.0, 547.0, 967.0, 609.0, 691.0, 528.0, 485.0, 464.0, 916.0, 429.0, 721.0, 665.0, 473.0, 377.0, 585.0, 471.0, 663.0, 571.0
560.0, 389.0, 592.0, 456.0, 522.0, 432.0, 474.0, 411.0, 477.0, 479.0, 454.0, 433.0, 962.0, 543.0, 936.0, 600.0, 678.0, 524.0, 490.0, 465.0, 882.0, 432.0, 708.0, 649.0, 478.0, 383.0, 581.0, 473.0, 654.0, 564.0
539.0, 378.0, 578.0, 450.0, 499.0, 427.0, 447.0, 410.0, 454.0, 480.0, 424.0, 434.0, 982.0, 529.0, 957.0, 589.0, 671.0, 520.0, 469.0, 464.0, 890.0, 414.0, 711.0, 656.0, 450.0, 379.0, 569.0, 469.0, 649.0, 564.0
542.0, 375.0, 582.0, 442.0, 509.0, 421.0, 452.0, 405.0, 458.0, 472.0, 431.0, 425.0, 982.0, 514.0, 954.0, 573.0, 671.0, 506.0, 473.0, 460.0, 885.0, 399.0, 717.0, 643.0, 452.0, 375.0, 572.0, 461.0, 648.0, 555.0
547.0, 363.0, 586.0, 435.0, 511.0, 411.0, 452.0, 391.0, 458.0, 466.0, 429.0, 414.0, 1008.0, 520.0, 978.0, 581.0, 678.0, 504.0, 471.0, 449.0, 916.0, 399.0, 722.0, 647.0, 454.0, 361.0, 576.0, 455.0, 658.0, 548.0
548.0, 375.0, 583.0, 446.0, 516.0, 423.0, 449.0, 399.0, 460.0, 473.0, 435.0, 421.0, 992.0, 531.0, 959.0, 592.0, 677.0, 516.0, 473.0, 458.0, 906.0, 419.0, 715.0, 648.0, 458.0, 369.0, 577.0, 464.0, 652.0, 556.0
555.0, 363.0, 592.0, 434.0, 521.0, 408.0, 466.0, 388.0, 468.0, 459.0, 443.0, 408.0, 983.0, 520.0, 953.0, 579.0, 683.0, 501.0, 486.0, 445.0, 901.0, 402.0, 714.0, 632.0, 466.0, 360.0, 583.0, 449.0, 654.0, 543.0
560.0, 382.0, 594.0, 455.0, 521.0, 427.0, 466.0, 412.0, 473.0, 481.0, 448.0, 430.0, 998.0, 543.0, 963.0, 599.0, 689.0, 527.0, 485.0, 463.0, 912.0, 425.0, 717.0, 659.0, 475.0, 379.0, 584.0, 472.0, 662.0, 568.0
572.0, 337.0, 595.0, 415.0, 525.0, 377.0, 475.0, 355.0, 463.0, 425.0, 453.0, 374.0, 989.0, 555.0, 946.0, 613.0, 680.0, 493.0, 491.0, 413.0, 921.0, 432.0, 697.0, 633.0, 487.0, 323.0, 589.0, 430.0, 650.0, 533.0
533.0, 352.0, 560.0, 424.0, 494.0, 399.0, 440.0, 376.0, 441.0, 447.0, 414.0, 397.0, 938.0, 516.0, 911.0, 573.0, 647.0, 496.0, 453.0, 428.0, 852.0, 403.0, 664.0, 626.0, 443.0, 347.0, 548.0, 443.0, 617.0, 534.0
557.0, 380.0, 590.0, 444.0, 523.0, 428.0, 471.0, 410.0, 480.0, 476.0, 454.0, 434.0, 975.0, 499.0, 952.0, 554.0, 679.0, 501.0, 493.0, 460.0, 878.0, 395.0, 721.0, 622.0, 475.0, 381.0, 585.0, 459.0, 659.0, 542.0
623.0, 364.0, 611.0, 439.0, 567.0, 386.0, 531.0, 340.0, 504.0, 399.0, 509.0, 350.0, 902.0, 701.0, 851.0, 735.0, 655.0, 537.0, 524.0, 394.0, 885.0, 560.0, 622.0, 658.0, 551.0, 320.0, 600.0, 448.0, 618.0, 560.0
551.0, 399.0, 584.0, 471.0, 512.0, 445.0, 460.0, 430.0, 466.0, 498.0, 443.0, 450.0, 982.0, 541.0, 949.0, 600.0, 676.0, 532.0, 481.0, 481.0, 889.0, 428.0, 712.0, 658.0, 468.0, 401.0, 579.0, 489.0, 654.0, 574.0
567.0, 375.0, 611.0, 453.0, 527.0, 427.0, 469.0, 410.0, 474.0, 476.0, 445.0, 426.0, 1012.0, 544.0, 987.0, 601.0, 699.0, 523.0, 494.0, 463.0, 924.0, 421.0, 735.0, 659.0, 472.0, 376.0, 599.0, 470.0, 670.0, 565.0
529.0, 381.0, 565.0, 451.0, 493.0, 426.0, 434.0, 408.0, 444.0, 478.0, 416.0, 430.0, 970.0, 528.0, 940.0, 588.0, 663.0, 519.0, 459.0, 462.0, 877.0, 413.0, 697.0, 651.0, 440.0, 379.0, 559.0, 469.0, 638.0, 560.0
560.0, 389.0, 589.0, 456.0, 516.0, 433.0, 468.0, 416.0, 473.0, 480.0, 446.0, 434.0, 983.0, 547.0, 952.0, 604.0, 680.0, 525.0, 487.0, 468.0, 892.0, 433.0, 715.0, 656.0, 475.0, 388.0, 581.0, 474.0, 658.0, 565.0
