,0,1,2,3,4,5,6,7,8,9,10,11,12,13,14,15,16,17,18,19,20,21,22,23,24,25,26,27,28,29
0,206.08434,320.5078,219.60248,285.80963,193.53072,297.56647,174.162,305.81924,175.48048,274.37842,164.61702,296.69608,365.93936,250.86719,355.41656,222.8093,252.17116,256.76947,181.83676,280.88498,331.75708,305.9424,267.37552,193.11906,171.85675,323.18033,216.49944,279.0615,244.83884,236.74417
1,205.06587,322.69598,216.95067,289.1926,192.462,300.83893,173.9084,309.55548,174.27623,277.8974,164.39207,300.19495,358.69568,251.39102,347.00406,223.0938,249.00627,259.27737,180.04657,284.0069,326.71628,305.39975,261.9224,196.42802,171.29305,325.1552,213.43779,281.86526,239.89735,240.23177
2,209.53728,322.40744,220.59926,288.5613,194.73253,301.42685,176.29369,310.43304,176.52559,278.50497,167.56395,301.61533,365.8625,243.85443,353.8073,216.69513,252.93259,256.19586,182.13702,285.1071,332.18692,300.64343,264.4708,192.93843,174.9929,327.07837,217.9461,281.06885,243.90848,236.892
3,208.42502,322.30692,220.24371,289.0255,195.05191,301.5112,176.9526,309.81375,177.06651,278.04272,168.01347,300.2552,361.43912,246.85236,349.48105,219.43687,251.37639,257.80545,183.02292,284.97745,329.07355,302.59857,262.8283,195.90056,174.92374,325.4876,217.6199,281.75482,242.56415,239.24054
4,202.45773,329.18253,216.55782,290.0531,185.27861,306.4949,165.29099,317.34744,164.96622,281.0195,154.52496,307.5045,379.5446,235.97952,366.58374,205.88037,253.18712,252.61972,171.49062,287.58563,343.8842,298.49332,265.61746,180.7023,166.0658,334.6621,212.76862,282.25534,242.53177,230.38197
5,206.89061,335.89902,217.29637,299.76083,188.73424,317.36902,170.80717,329.70917,168.49129,294.32495,158.62782,320.82776,367.35922,232.89807,353.19882,206.8378,248.4821,261.61987,175.60698,301.09824,338.5164,296.18057,258.00168,192.02702,169.5764,346.5207,213.7019,291.5535,237.53503,241.76324
6,200.00029,337.08615,214.90855,297.42972,183.15388,311.74173,161.26942,322.34888,162.82307,284.24313,150.31898,311.51013,385.8366,254.04245,374.3977,223.9582,254.89236,261.67554,169.73137,293.2446,347.72937,317.33508,271.73297,189.29979,157.6865,342.20233,212.209,289.8441,245.17256,238.17906
7,210.9765,334.2965,225.04036,300.35178,195.35066,311.92087,176.6807,321.10547,178.2491,286.76703,166.34503,310.21893,377.36572,261.43936,365.32007,233.00955,259.09088,268.1832,183.94067,294.04462,342.08273,318.94482,274.30896,202.10643,174.15442,336.7216,221.72252,291.80685,250.23267,247.71826
8,207.64197,323.1338,219.95494,288.76486,192.5783,301.3919,173.2079,310.36682,175.35983,276.55243,164.52687,301.0692,369.71783,246.8612,357.8869,218.36186,253.54607,256.23114,180.65918,284.08847,335.82108,304.14172,266.68164,190.67366,174.08356,325.91077,217.03285,280.4875,244.89655,235.60368
9,209.96521,330.56482,223.04533,297.89084,195.6076,308.75323,176.80214,317.2139,178.4983,283.6139,167.73308,306.97607,368.84387,260.54935,357.6757,233.08902,255.30293,267.11496,184.66237,291.5972,335.87756,316.14432,270.30585,203.8976,174.96706,333.37177,220.42703,289.1794,247.16196,247.43811
10,202.92125,329.99057,217.73373,292.40836,187.52315,305.714,166.9655,315.1644,168.07011,278.93817,156.81958,304.55273,378.63556,251.04575,366.5466,220.64162,254.17715,257.84857,173.34473,287.50244,342.0123,310.707,269.90546,188.10138,164.97794,332.9315,214.33203,284.6097,245.40125,235.62003
11,212.03775,334.24042,225.11116,299.85382,196.20662,313.18726,176.7519,323.07718,177.51534,288.323,166.81413,312.52863,376.5656,251.54166,364.7912,223.79184,258.22885,265.89847,183.82802,295.58377,343.49246,311.16116,271.5253,199.00339,175.41483,339.69373,221.89194,290.9294,249.04115,245.14389
12,208.8796,329.556,220.42783,294.1647,193.92482,308.7798,175.064,319.596,174.4095,285.2453,165.51231,309.28845,367.4577,242.07478,354.8629,214.93181,251.69978,259.407,181.0982,292.68207,335.84634,301.7486,263.37292,193.04295,173.6458,335.32593,217.50525,286.53763,242.82648,240.42027
13,207.32756,329.304,220.15294,291.7679,190.69429,309.00653,171.60808,320.31528,170.1519,284.818,160.85503,311.07236,377.14655,230.56892,363.0426,202.37439,254.23558,253.99066,176.89458,291.636,344.2549,293.89594,264.42413,183.35237,172.64598,336.2283,216.7003,284.31857,244.05437,232.91354
14,207.08804,327.85025,221.0913,292.1849,191.63661,304.56735,171.67957,313.55518,173.61739,278.212,162.91553,303.2268,377.30695,252.39832,365.49008,222.35028,256.955,259.00043,179.63675,285.97226,341.70242,310.83173,271.23553,191.03389,172.00159,330.2439,217.97919,283.457,248.19934,236.96764
15,208.14877,330.43863,222.11653,293.46384,192.18185,307.47925,171.72672,318.30627,172.8955,281.88162,162.60861,307.87524,379.62122,245.92587,366.72327,216.33524,256.53693,258.75543,179.2492,289.72244,344.92493,306.69553,270.69788,189.17006,173.42839,334.56628,218.61075,284.9047,247.37425,236.54308
16,203.9851,328.01462,219.01564,290.76718,188.71764,305.07608,168.84254,314.3914,169.76753,279.14142,158.31223,303.9927,378.30817,245.14719,365.82245,215.15654,255.34483,255.68607,175.4288,286.71906,342.71243,305.6652,268.6421,187.23642,165.94391,332.56198,215.83334,282.53955,245.82498,234.40923
17,207.86575,330.6199,222.27318,293.74445,191.83406,307.5321,171.46216,317.01538,172.70226,281.1057,162.1088,306.75732,380.43146,248.9255,368.45673,219.24986,257.7031,258.7248,179.44951,289.07297,345.0754,309.0432,271.59537,189.73924,171.83347,334.23343,218.90216,285.39227,248.89589,237.1512
18,209.01624,328.02463,222.0783,291.6959,194.27705,306.57703,174.78482,316.09958,175.66731,281.37366,165.6877,305.8098,370.96857,244.88058,358.07916,216.88324,254.22241,258.12506,181.45805,288.75027,339.00403,303.82922,266.1258,191.4981,175.88567,331.2058,218.40503,283.983,245.17787,238.0053
19,204.63739,324.6393,218.89882,287.70013,189.28705,301.92474,170.01735,311.2122,170.52617,276.41284,159.71042,300.39368,374.1518,243.13406,361.6131,214.1163,254.4903,253.62262,177.32352,282.9054,339.05588,301.99622,266.83707,187.4591,169.55417,327.85553,215.4115,280.48074,244.70984,233.24683
20,210.4204,330.60846,221.67818,296.5245,195.11513,310.59018,177.32513,320.616,177.14917,288.30237,167.18076,311.8777,363.84863,246.0515,351.34418,219.82947,251.18364,262.87967,183.54883,294.38907,333.27084,303.28094,263.37946,199.29002,176.00865,336.27338,218.17949,288.60657,241.87492,244.77438
21,204.75328,322.66055,218.09077,287.44376,189.20598,301.0897,170.13634,308.5846,170.79967,274.81436,160.38048,299.55786,373.0633,244.89801,361.11087,214.70155,253.68727,253.52544,175.91179,281.43494,337.924,303.6022,267.1302,186.39336,170.3854,324.792,215.65916,279.44196,244.55194,233.11264
22,208.18437,323.24597,219.55421,288.68698,193.26862,302.25714,174.23769,311.99362,174.6078,278.42514,164.8305,302.66003,365.69458,241.81006,352.73978,214.18422,251.8639,254.87369,180.73108,286.09946,332.9199,299.98264,263.02817,190.78679,173.86128,327.57355,216.28705,281.33163,242.76344,236.07811
23,212.33917,325.62653,222.59189,293.639,197.82655,305.70416,180.6898,315.07016,181.28212,283.94012,171.6522,305.77426,358.13623,249.22324,345.8632,222.62909,251.55446,262.5395,186.55472,290.97165,327.13284,304.5837,262.32373,202.00581,178.31068,330.36664,219.8435,286.38794,243.40411,245.22269
24,208.85117,329.06448,219.84023,296.22504,192.75526,308.06927,175.04118,317.22153,175.67963,284.5452,165.62433,307.42184,363.09006,252.42073,351.60492,225.08893,251.1313,263.82608,181.6227,291.7172,330.5822,308.70233,264.2068,201.16762,171.93791,333.6067,216.59915,288.10803,242.63405,245.05792
25,209.5918,338.64734,224.34244,302.44363,193.22893,315.1944,172.65765,324.95993,174.74487,288.21896,162.59132,313.5722,385.5359,261.0054,373.56732,231.86282,260.6544,268.52863,180.87256,296.29233,349.36014,320.79935,277.23337,199.73586,171.18994,341.5241,221.72597,293.32465,251.14407,246.38031
26,203.84798,335.50363,217.28479,297.36804,186.0757,311.73334,165.33797,322.2861,166.05206,285.0511,155.31818,311.7024,382.07312,248.27455,369.58124,217.83278,255.36102,260.2323,172.89671,293.2529,347.40134,310.42398,269.29865,188.4066,162.8202,340.9848,214.66571,288.45737,245.55278,237.83504
27,200.13156,326.66116,215.72871,288.05228,184.02643,302.2929,163.95564,310.55045,164.92618,274.7331,153.61243,300.54907,381.62238,247.44109,368.8164,216.61624,255.0653,253.59949,171.90665,282.4853,342.9116,308.05838,268.91245,184.27109,163.83316,328.77072,212.76585,279.5173,245.22919,231.07208
28,202.25906,333.44772,217.05977,296.869,185.20575,309.95654,164.9964,319.1659,166.6603,282.42426,155.16096,308.1193,379.37717,256.35355,367.75653,226.18634,254.01472,262.64,173.372,290.58862,342.5484,315.6191,270.55765,192.75105,163.27463,337.24026,214.26607,287.58212,245.57968,239.5035
29,209.69295,326.25665,222.78487,294.25732,195.8467,306.303,177.46445,313.77875,179.47601,281.05344,168.66373,304.52942,368.6073,255.90086,357.3838,228.2934,255.33305,262.87045,184.91583,288.47995,335.40695,311.03403,269.3076,200.65918,176.17535,328.5838,220.19342,286.53506,247.71786,244.20378
30,203.82428,333.21085,217.08183,297.97372,187.30762,311.04813,167.41042,320.6425,168.54318,285.04486,157.13411,309.8462,372.62225,255.51897,361.2122,226.84943,251.656,264.36685,174.643,292.50073,338.98654,314.2104,266.92175,196.81517,162.98483,338.3915,214.53737,289.42163,243.02484,243.02826
31,209.85054,323.52426,222.26698,290.04974,195.57744,302.1839,177.66078,310.59116,178.61218,279.0327,168.7561,300.70587,366.92188,248.8768,355.6681,221.04376,254.58672,258.36258,184.03217,285.4159,333.10077,304.79535,267.22427,196.2155,175.71017,327.2162,219.19551,281.94617,245.67114,240.07353
32,212.49872,317.72522,224.08563,287.05432,201.54129,297.5364,183.57828,305.6549,184.31686,276.05905,175.0874,297.32394,358.2983,247.39497,346.74146,220.86041,252.36368,257.22937,188.48233,282.98605,325.94345,301.0139,264.24942,199.34538,182.19214,320.45367,221.46542,279.3195,245.12283,240.9374
33,204.5714,335.58997,219.37251,298.6129,188.38542,312.36816,168.45486,322.2077,169.14711,285.6945,157.54193,311.372,380.70734,253.724,368.42285,223.83481,255.31093,263.1386,175.6426,293.3883,344.8565,313.77933,271.15683,193.50697,165.68793,340.04324,215.99112,289.80246,245.99829,241.25548
34,207.27972,316.67685,219.4526,284.37576,193.53407,295.64233,175.06715,303.40805,176.72745,271.49078,165.91034,294.14163,362.50388,246.00719,351.4127,218.47116,251.52058,253.80222,181.78589,278.79193,328.84583,301.22003,264.96274,191.52112,174.03023,319.0227,216.43007,276.80255,243.11736,234.62383
35,210.7271,344.17325,219.18822,305.6439,190.90108,326.40784,172.75694,340.325,168.85988,304.93527,160.69568,333.09485,369.034,222.13998,352.6331,197.68916,248.89977,263.52786,176.19629,311.2402,343.9811,289.3004,255.32558,191.21004,173.52232,358.58337,215.67944,297.18625,236.86769,244.08376
36,200.86926,326.61423,216.54576,288.24902,184.16759,301.68637,163.222,310.9438,165.53505,273.35706,154.33392,300.87027,383.3333,246.17441,370.76276,213.95462,255.73807,252.63324,171.90576,282.4072,344.67044,307.39572,269.97272,181.05815,165.59491,328.08466,213.51096,279.02463,245.75592,227.67802
37,201.7895,312.08127,214.80693,281.11374,187.97466,290.69708,168.9952,298.10803,171.67363,267.2458,161.57582,289.3917,358.77002,244.626,348.42014,216.60204,247.22182,250.48889,176.83173,274.04556,324.382,299.61673,261.3861,188.30458,168.71446,314.651,212.6204,273.0494,238.90321,230.89833
38,208.1057,321.67725,219.97546,287.24622,193.851,299.86618,174.86156,308.63287,175.92307,275.88846,166.01537,298.67474,364.7057,245.85728,353.24036,217.96854,252.63213,255.4188,181.46834,283.2859,331.7538,302.42624,265.09204,192.0974,171.6974,325.50116,217.14111,279.98303,243.72269,236.41455
39,214.66544,325.90042,222.5077,292.01263,198.6899,308.1,182.36174,319.40753,180.57649,287.6369,172.62659,310.48242,356.41095,233.34232,343.18195,208.80936,249.94655,258.07422,186.32358,293.77527,329.1617,291.62927,257.86078,195.96767,180.89447,333.69864,219.76523,285.63162,240.64699,241.66289
40,202.26575,333.20584,215.95366,297.90332,185.49147,310.9449,166.21724,320.20413,166.94922,284.32675,155.87668,309.3421,374.1136,253.56354,362.0149,224.40825,251.61273,263.61288,173.51712,292.22565,339.2483,313.1851,266.78784,194.65187,162.74493,338.52374,213.3011,289.07193,242.75262,241.86327
41,201.99203,325.65866,216.23335,289.81155,186.51466,303.12683,165.78217,312.0017,167.15146,276.8547,155.96335,301.60992,376.08432,245.56042,363.8955,215.67964,253.25298,254.49313,173.88171,284.28888,340.10007,306.21176,266.73584,185.34015,164.66122,329.86694,212.88669,281.2285,243.68835,233.52647
42,215.18802,324.7717,225.83443,292.62607,200.56776,304.24042,183.18216,312.8409,184.23291,281.9024,174.5141,303.43933,364.26056,250.60097,352.4205,224.21544,255.77438,262.56348,189.64912,288.2826,332.04523,305.9485,268.46204,202.60991,180.18292,328.2608,223.20802,285.61652,248.0314,245.09453
43,212.44104,326.42105,224.36989,293.83847,198.22765,305.86798,179.85661,313.66226,181.2043,281.92377,170.76454,304.47443,365.4388,253.87459,353.9478,227.16995,255.01753,263.54163,186.93486,288.8702,333.9342,308.94855,268.5206,202.0991,179.16023,329.02542,222.14334,285.94324,246.49445,245.30605
44,213.13782,318.20627,223.86452,288.22476,201.10143,299.0995,184.3606,306.41812,184.82097,277.3109,175.78033,297.81793,355.84796,252.62387,344.6396,226.186,253.12209,260.68768,190.12541,283.7328,323.97055,304.46106,264.78363,202.68661,181.73502,320.14996,221.2419,281.5385,245.5226,243.70393
45,204.45132,322.72244,218.5814,287.11618,190.22107,299.69794,170.14796,308.48743,172.61809,274.00662,161.24222,298.4145,370.43585,247.99771,358.8499,218.15434,252.3102,254.2477,177.76068,281.96298,334.69058,305.1323,267.14923,188.78993,170.35786,325.071,215.47676,279.45462,244.14981,233.26904
46,200.46814,333.9955,215.60551,298.25305,183.3582,311.25464,162.87305,321.25577,164.2501,283.86954,152.13812,309.901,379.0824,255.49043,367.87805,225.55115,252.09782,262.72015,171.12735,292.3392,342.82013,315.36606,269.58603,192.62392,160.33801,339.13248,212.34021,289.08038,243.32597,240.54494
47,199.64227,328.50818,214.21312,293.5452,183.50745,305.98413,162.38274,313.6468,165.42397,278.76,153.03741,303.4072,375.00287,254.09326,364.16055,223.87479,251.54219,260.049,171.28813,286.90906,338.61856,313.5932,268.3622,191.98003,160.72478,332.68253,211.60535,284.91864,242.40593,238.4975
48,211.04549,323.92957,221.86722,292.0478,196.31522,304.12262,178.38986,313.0279,179.05696,281.39038,169.33063,303.58206,362.35074,248.5881,350.57074,221.32806,252.25938,261.06335,184.73177,288.4271,330.30136,304.41537,264.78342,199.19334,176.02971,329.2661,218.89717,284.63666,243.86841,242.79271
49,203.84387,325.16394,217.04202,288.43192,188.17914,303.09003,168.16716,313.63242,168.68665,277.99182,158.37827,303.16852,373.81866,238.83382,361.48505,209.44397,252.42688,252.28268,175.00403,284.50125,339.5729,298.87042,264.71924,182.92973,167.36234,330.7905,213.98647,279.8057,242.56598,230.93071
50,206.70583,331.71643,219.39017,296.8945,191.53467,309.84393,172.71648,319.37076,173.52905,284.9314,162.85602,308.6363,369.01666,252.42445,356.863,223.9471,252.23967,263.72137,179.41835,292.2441,335.8685,310.10394,265.99084,197.71507,170.04712,335.88864,216.58832,288.83865,243.76947,243.0235
51,196.6648,334.12842,212.9363,296.62558,179.92351,309.7191,159.16228,319.1945,160.81203,280.9984,147.97995,307.7025,380.0077,255.96451,368.0592,225.82266,250.88347,260.752,167.7092,290.03955,342.04166,316.3268,268.82675,190.00734,155.91025,337.66687,209.69704,287.69656,242.06598,238.06631
52,209.20905,326.08853,222.28708,292.43936,193.84561,305.1991,175.39618,314.1187,176.36037,280.81793,165.17757,303.6786,371.56665,249.92397,359.5277,222.20773,255.60997,261.29865,182.96652,288.2592,337.47708,306.93823,270.08234,196.80157,173.81354,330.82587,219.50024,284.83456,246.33557,240.5673
53,212.7959,329.89896,222.364,297.17685,196.74619,310.44354,180.378,320.3304,179.87685,288.44943,170.37778,310.7182,360.95947,246.877,348.44293,220.63179,252.24925,264.44995,185.08643,294.66235,331.44092,303.59128,262.41687,202.09172,177.91771,336.1773,219.798,289.60724,243.47887,246.59518
54,210.07483,328.28854,222.93474,293.99002,194.34142,305.48157,175.48788,313.6028,178.11174,279.4168,166.30585,303.13568,373.36816,258.24863,362.06744,228.49924,256.69913,261.8728,184.60617,287.22214,337.9814,314.40665,272.4656,197.81532,172.9237,331.13782,220.30592,286.94714,248.60382,242.02754
55,207.8667,332.9018,222.94717,296.65906,192.47726,309.68597,172.41548,318.95187,173.89365,283.56378,162.15297,308.217,381.3651,257.2942,369.8108,227.64864,258.43204,264.37744,180.14566,291.452,345.5159,315.80093,274.63205,196.4365,171.01773,336.00293,220.12918,288.62115,249.75662,242.27068
56,198.10751,334.2142,214.98082,294.21747,180.61478,308.39563,158.56802,318.93915,160.91792,279.19165,148.33217,307.77487,390.63574,248.79971,378.06946,215.02472,255.42075,255.33539,167.38858,288.3755,351.34143,311.9739,271.58667,181.11388,161.41278,337.2329,211.68947,284.5378,246.08044,231.55208
57,206.14062,324.9079,219.64915,290.37234,191.07803,301.77737,171.83528,310.31293,173.63069,276.90854,162.98178,300.07608,371.2188,249.45676,359.47125,220.53555,253.63106,257.75806,179.56268,284.2617,336.25735,306.64822,268.01254,191.7732,172.09808,326.71323,216.5726,281.45963,245.01337,236.68639
58,214.63766,330.6982,226.22273,297.00784,199.23529,308.8637,180.55998,318.4315,181.18898,286.15567,171.21474,308.812,371.63284,253.61565,359.80017,226.19061,258.02695,265.82257,186.85117,292.98386,338.3834,310.86356,271.186,202.5396,177.77887,334.78345,223.59079,289.09372,249.13083,246.06888
59,205.20737,337.70712,219.82143,300.42664,187.90941,315.28076,167.09529,324.75443,168.57956,288.0694,156.64458,314.10086,382.7246,252.44281,370.7781,222.54094,256.08615,263.95093,174.29688,295.7345,347.7731,313.66895,271.52563,193.40953,164.64212,343.23065,216.92389,291.5433,246.79233,241.94785
60,208.83069,324.10696,220.33324,291.88925,194.40733,303.70642,176.93866,311.79794,177.52531,280.2791,167.75311,301.90366,361.81473,250.4398,350.1409,223.62202,251.11781,261.4079,183.22644,287.57187,328.7848,305.95462,263.87762,199.37262,173.64316,327.79565,217.67621,284.63223,243.26093,242.87877
61,215.62428,334.51205,228.88335,298.36765,199.26239,313.33902,179.35178,322.81006,181.05516,288.50922,170.14273,312.9063,382.1942,246.16165,367.9048,217.05106,261.46982,263.1706,186.67361,295.03604,348.3317,306.7847,273.3321,193.69954,181.14024,338.05402,224.70251,290.97446,252.535,243.04808
62,209.61107,339.3771,224.16583,302.53537,193.36685,316.188,172.74422,326.1722,174.22002,289.66656,162.38516,315.4037,385.40186,256.98004,372.9852,227.84795,260.39737,267.9881,180.29367,297.40894,349.74142,317.75894,276.0534,197.99092,171.64484,343.36758,221.13303,293.66672,250.91666,245.90305
63,213.73259,322.93958,225.22388,289.08823,199.46965,302.91132,180.64862,312.22592,180.83618,279.91263,171.25629,302.83978,367.28085,240.66692,355.02966,213.99022,255.95694,256.52896,186.47733,286.74753,334.95718,298.29337,266.70654,193.19737,178.38129,328.10974,221.63744,282.1288,246.91464,238.39928
64,202.4829,323.05362,217.67159,286.03308,185.78476,299.16135,165.41202,308.25638,168.61311,271.63727,156.73796,297.2694,378.39435,246.77205,366.21976,216.24841,254.3676,251.96202,174.47922,279.0759,341.3018,305.2675,269.27643,182.77895,166.23041,324.54214,214.12393,277.2694,245.63614,229.36726
65,199.5423,325.71155,215.55644,286.77145,182.65639,301.23392,161.12004,311.53845,163.32767,273.0394,151.181,300.7753,384.125,241.86578,372.74097,210.4061,254.8468,249.84071,170.21059,281.49677,347.41623,302.86478,269.76184,176.44478,163.91551,327.53705,212.2092,277.50528,245.12949,225.81584
66,205.18768,327.62906,218.36537,291.6657,189.5566,305.5531,170.11746,314.8955,171.99283,280.6339,160.85164,304.8664,370.85632,248.45557,357.1158,220.42538,252.34811,259.66876,178.24835,288.12454,336.1418,306.8004,265.67767,193.77399,168.7208,331.82803,215.29877,284.7775,242.94199,238.84364
67,199.69907,334.3279,214.27422,296.7905,182.63602,310.21558,161.31999,320.7856,163.13536,282.94952,151.24551,309.29742,379.20126,250.807,366.74457,220.98318,251.90762,260.69638,169.63397,291.1417,342.86185,312.47018,267.6969,189.01433,158.40161,339.25793,211.47452,287.20197,242.94449,237.36555
68,204.91656,314.636,217.32956,282.54816,191.53868,294.29303,173.68614,301.77435,173.84306,271.17508,164.72089,293.2599,357.08685,240.0691,344.7229,213.13358,247.82063,251.84128,179.75923,277.6341,324.64322,295.58102,259.20502,189.79234,172.6735,317.79456,214.1431,274.94345,239.42929,233.17519
69,209.70003,327.6469,221.60307,293.94974,195.40314,306.00974,177.46959,314.96744,177.51668,282.4735,168.0962,304.65717,365.2078,252.30981,353.53528,224.46585,253.34142,262.39676,183.11726,289.835,332.0623,308.3364,266.13464,199.46938,175.00098,330.57983,218.64598,286.70523,245.13054,243.78311
70,201.96182,334.58914,216.95403,297.66232,184.82182,310.68488,163.8994,320.00943,166.13791,283.57928,153.75731,309.06256,381.8127,255.32268,370.00107,224.81693,255.05829,262.7089,172.50429,291.02075,344.20908,315.57327,271.4906,192.01039,161.4953,338.55212,213.8338,288.99066,245.04689,240.10162
71,202.96436,317.85855,216.91086,284.80157,188.97276,295.77527,169.7304,302.93295,172.29364,270.9618,160.6243,292.45624,364.88235,250.64291,354.03632,222.41467,251.19151,255.01285,177.79483,278.38583,329.86942,304.6738,265.1446,191.78033,170.58673,318.53925,213.82994,275.50656,243.09058,234.04227
72,202.52022,323.44254,215.3256,289.46982,187.83914,302.9931,168.24527,310.52002,169.36324,277.75778,158.30585,301.79218,367.52728,245.92595,355.3886,218.0948,249.92946,256.7931,175.15405,285.5836,332.4296,304.73703,263.6375,191.8997,166.7296,328.1632,212.82124,282.01468,240.49944,236.78094
73,212.593,323.2062,223.33824,292.14172,198.27391,303.15002,181.1089,311.24136,181.9498,280.1177,171.83977,301.57346,361.33557,253.0557,350.6194,225.98734,254.1443,262.07837,187.22583,287.13376,329.3596,306.61664,266.2464,201.01082,177.58893,326.54398,220.73569,284.82254,245.7859,244.17581
74,208.98422,326.23114,219.937,292.9501,193.97566,305.75616,176.35118,315.25452,176.62292,282.80472,166.7136,305.5464,362.5044,248.09186,350.6745,220.82692,251.24982,260.998,182.30945,289.7319,330.82666,304.35178,263.14578,197.73526,174.76822,330.85513,217.28894,285.43234,242.54039,242.25374
75,207.66612,322.20877,219.03555,287.15244,192.67268,301.66324,173.93407,312.02975,174.21178,278.63715,164.9195,302.63,363.5109,235.14384,350.63492,207.50551,250.13452,253.68182,179.23073,286.12503,332.34274,293.6354,260.6032,188.65016,173.26125,326.85086,215.74896,280.07092,241.24861,235.0895
76,202.79196,331.53622,217.67155,295.79648,186.76764,307.459,165.82904,315.94394,168.96666,279.72836,156.22635,304.89944,378.40997,261.04758,367.26486,230.56645,254.95038,262.79584,175.19914,287.97726,341.7992,318.43033,271.86578,194.9169,162.88559,333.88715,215.08334,287.22766,246.34918,240.45984
77,203.69257,321.72012,218.22319,287.16837,189.43654,299.87006,170.37169,307.835,171.54416,275.2124,161.34009,298.66068,369.68945,245.37082,357.8361,216.87758,252.16795,254.50183,176.91272,281.74567,333.83194,303.31104,266.10406,189.51584,169.06067,325.03833,215.07776,279.62857,243.6621,234.47134
78,208.81212,321.4331,220.68011,287.59262,195.29231,300.3151,177.18303,308.46964,177.0222,277.05612,167.93097,299.66086,363.62418,248.20947,351.7531,221.30933,252.75612,256.93387,182.98047,283.74194,330.1592,303.4963,264.7304,195.18587,175.84927,323.42896,217.5864,280.49112,243.69148,238.46501
79,210.25546,333.05765,219.88298,296.97485,192.74736,314.64423,175.7648,326.04068,173.21611,293.0074,164.79398,317.40762,362.4602,229.55998,348.2809,203.86871,248.8389,258.89243,178.97655,298.91248,334.8085,291.3076,256.25436,192.24059,175.44887,342.4005,215.9431,289.28687,238.3749,240.31956
80,206.18076,325.24664,221.07323,290.2205,191.20393,301.79276,171.38359,309.37,174.18483,275.31982,162.03026,299.30267,376.48114,255.33356,365.92743,226.28932,256.82962,258.13013,179.41357,282.38715,340.23682,312.0178,272.6825,192.27518,170.58794,326.4909,217.76682,282.0864,248.89668,238.11555
81,208.58215,333.421,222.17729,300.09488,193.07602,311.69446,174.22346,319.99716,175.61656,285.89215,163.86145,309.11847,373.79266,262.33182,362.62,234.05388,256.0254,268.58392,181.24232,293.28967,339.13535,319.00226,271.90152,203.41557,171.4076,336.26505,219.22986,291.66666,247.46115,247.95369
82,207.4263,322.4345,221.803,290.1511,194.30116,300.58493,175.89496,308.24817,177.93002,275.11044,166.90941,297.91354,369.0444,257.18872,358.87796,228.84096,255.5321,260.54037,183.23729,282.74777,333.22772,312.01294,270.72754,197.54924,173.28577,324.80005,219.6094,282.10873,247.69763,240.7044
83,209.38458,327.29187,222.52614,290.4626,193.0068,304.4572,173.08176,315.004,174.98204,279.0399,164.44284,304.94125,377.42145,243.04845,364.58044,214.17616,256.81747,255.6941,181.05894,286.19907,343.62338,302.91388,269.97128,187.0674,175.54529,330.19733,219.42528,281.70035,247.44083,233.80971
84,205.48906,327.32004,220.13423,290.67435,190.00139,303.47595,169.9916,312.50162,171.6772,277.25952,160.52365,301.68533,377.26447,252.20804,365.943,223.11856,255.7723,258.49832,177.87708,285.13647,340.87354,310.81613,271.2091,191.26256,167.39706,330.15463,217.03893,282.77832,247.06885,237.09154
85,206.15248,330.33264,220.40265,291.9979,189.28226,307.47577,169.39384,317.4474,169.23396,280.79227,158.95978,307.28168,382.30988,241.0909,369.0279,211.70404,256.63702,255.38812,176.03177,288.49063,346.59225,303.0706,269.04572,184.55943,170.62022,334.80914,217.01915,283.60092,246.40866,232.69225
86,209.72318,324.534,222.12198,289.67422,195.5227,303.05652,176.93369,314.1919,175.9908,281.34796,168.37563,304.06967,364.1623,237.138,351.14563,210.32008,252.06961,255.72702,182.89188,287.7736,333.36453,296.09494,262.7624,192.346,178.37296,329.05704,218.37924,281.9111,243.38928,237.78853
87,209.04831,322.92697,220.02655,289.02066,194.27254,301.59,176.6949,310.3377,177.83046,278.01587,167.17355,300.3655,364.37793,247.8891,352.33026,220.11646,253.05074,257.89105,182.8033,284.98557,331.0768,303.85864,264.76428,195.49559,173.89803,326.43948,217.86975,282.1144,244.41183,239.4112
88,213.47072,328.38226,225.84137,295.8075,198.0197,307.53162,180.28496,315.34485,181.48813,283.68622,171.00497,306.26605,369.96967,254.6233,358.04544,227.30438,257.49533,264.67603,187.72,290.3218,337.89798,310.50192,270.75867,202.07237,179.17342,331.05936,223.53125,287.58893,248.74002,245.88487
89,206.11774,325.43793,219.26906,289.6727,191.43684,304.32617,172.02505,312.10617,172.44801,278.71594,163.28993,302.32825,370.66858,241.90376,358.18423,214.71222,253.81471,255.05379,178.14001,285.64185,335.8878,301.73306,265.834,189.07544,173.05942,328.24872,216.19412,281.70584,245.02663,235.31941
90,206.58339,329.57028,219.92871,292.76834,190.24771,307.47162,170.81538,316.88016,171.21832,282.04987,160.53027,306.94543,377.39197,243.11023,364.26193,214.46498,254.5897,257.71054,177.31186,288.79138,342.6081,303.98715,268.66364,188.89604,169.91405,334.10934,216.83379,285.08676,245.38216,236.51404
91,209.95517,328.71344,222.26738,291.5809,194.39421,306.37354,174.90828,317.2177,174.64328,282.32193,164.53201,307.30014,377.24426,240.38583,364.19278,212.2879,256.85574,255.74178,181.24571,289.63382,343.19153,300.61423,268.76175,188.09901,173.61206,333.0619,219.46684,284.09512,247.57663,235.71251
92,208.0362,328.38373,220.56633,292.86795,192.08992,306.8039,173.67549,316.99878,173.97023,282.97498,163.51207,307.02374,371.02118,244.36319,358.37152,216.34128,253.0782,258.89697,179.82614,290.15005,337.38583,303.5905,265.83667,192.93065,172.6229,333.5946,217.07729,285.24704,244.4408,238.76772
93,208.34398,328.26025,220.39848,294.26144,194.25804,305.74826,175.36682,316.0387,176.4139,282.679,166.64157,305.4297,367.40164,252.17892,356.53363,224.26712,253.26994,262.38086,181.89124,290.25497,333.9141,308.8859,266.33032,197.67503,172.88766,332.28232,217.45618,286.34326,245.3737,243.13295
94,206.0171,327.48083,219.41139,293.95145,190.68896,305.0405,171.28459,313.9499,173.7936,279.17383,162.25018,302.98325,369.78043,260.95694,359.5869,232.60002,252.70357,263.67267,180.07364,287.21957,335.2517,316.01364,270.0953,198.8723,168.83228,329.5854,216.37509,285.98584,245.41043,242.78394
95,204.55032,326.76105,217.12288,293.06406,189.55011,305.21863,170.92877,314.11957,171.81181,281.04807,160.86438,304.39597,365.64438,252.16904,353.35916,224.84334,250.20137,261.57834,177.98271,287.72867,331.69647,308.98663,264.59473,197.3993,167.4185,330.91815,214.87814,286.18756,241.22147,242.3193
96,197.09198,330.87772,213.08371,293.86087,180.17299,305.76672,158.62666,314.73398,161.14899,276.26764,148.68288,302.6917,382.58215,259.22617,371.47992,227.04764,253.10077,259.1403,167.74168,285.69254,342.52585,318.51028,270.85178,187.45534,155.70381,333.78577,210.19617,284.52893,244.41388,234.65227
97,204.25812,329.81946,216.83412,291.61258,187.27328,307.12698,167.55174,319.41327,167.74329,282.43088,157.27783,309.2932,375.51392,235.79062,361.73306,206.99602,251.56319,253.85641,173.78519,289.84738,341.55307,297.72443,263.39563,183.6142,168.52313,336.07755,213.38812,283.137,241.62625,232.58054
98,201.63612,326.30124,216.85837,288.52725,186.2489,302.64206,165.41144,311.82388,167.03026,275.37918,156.4272,302.2481,379.53497,245.05008,367.40723,213.4645,254.06839,252.76328,173.31322,282.39758,343.8168,304.0823,268.76428,181.49011,167.66066,329.41394,213.45877,279.0911,245.36087,229.78299
99,206.04993,328.72028,217.6119,295.12476,190.47778,307.69824,172.16795,317.0632,172.43524,283.46558,162.23215,306.75208,363.84964,250.65776,352.1236,223.40555,249.78865,262.72867,178.0569,291.33325,331.8166,308.1227,262.65686,197.94914,167.97487,334.5504,215.54378,287.07397,241.69614,243.08014
100,205.76056,324.19662,218.73367,290.805,191.2635,301.73895,171.94102,310.48193,173.21115,276.99652,162.11353,300.177,369.10785,252.87155,357.14297,224.13403,252.56355,259.4138,178.97672,284.9424,333.67026,308.98187,267.56497,195.21973,168.47665,327.5753,216.56923,283.08047,244.16425,239.32338
101,199.29123,336.1373,213.8582,298.363,182.03249,313.33533,160.60551,323.79132,161.65898,285.81573,149.04625,313.17838,379.2819,249.52132,367.3825,220.03622,250.98882,261.7086,168.84706,294.12833,344.4428,311.46335,267.25436,189.18971,157.19507,343.18222,211.39989,289.18637,241.37866,238.31822
102,207.35788,329.17545,221.14856,294.5807,193.42094,307.5592,174.00102,316.67444,174.43828,283.04733,164.87527,306.5473,371.88025,252.06534,359.72473,223.86307,255.00294,262.77335,180.68987,290.1011,337.68945,309.5668,268.1989,197.08046,171.34058,334.02106,218.06824,287.25266,246.1182,242.39186
103,207.23047,320.6146,219.41869,287.30814,193.47653,298.8815,174.95453,307.72324,175.39146,275.6787,165.68416,298.22156,363.9634,245.99725,352.39587,218.14317,251.56792,255.53714,181.41205,282.4578,330.6849,301.7876,264.60526,192.51146,173.83621,323.56067,216.68938,279.53604,243.48685,236.39589
104,206.35728,332.50784,219.94096,295.96402,189.98712,310.2987,170.38564,320.91107,170.81499,285.45367,159.9854,311.04932,376.18713,245.2103,363.16696,216.34978,254.20479,260.56223,177.09996,293.033,341.54065,306.55606,266.49307,191.69263,169.46646,338.1114,216.17972,287.8168,244.56064,239.62657
105,204.8306,329.3184,219.21117,294.11227,189.19815,306.19092,170.11572,315.32132,170.98822,280.9585,160.02612,305.23306,373.9513,253.9854,363.00067,225.11145,253.43068,261.94995,177.67584,288.49033,339.156,311.4387,269.57837,194.82483,167.8038,333.36136,216.45285,285.35666,244.53125,240.30016
106,202.75812,337.4016,215.7108,300.43936,185.60593,315.99774,164.85507,326.47412,165.02588,289.94916,154.69333,315.711,376.0862,245.7985,362.69373,217.21463,251.49545,263.24112,172.20792,297.52823,342.32938,308.9061,264.11142,193.00441,161.41908,345.2185,212.5204,291.7347,241.09418,241.40106
107,201.34946,324.6283,215.61285,290.6456,185.7979,301.51495,166.4507,309.6401,168.04729,274.987,157.2809,298.2128,370.0714,254.67804,358.92883,224.40927,250.83482,258.12936,174.35265,283.22595,334.08353,310.96893,266.18848,191.28627,165.3182,326.01236,212.3227,281.79755,242.37949,236.66365
108,204.07593,328.93893,220.01382,290.32724,187.56276,304.55838,166.18596,315.09616,168.51799,276.84106,157.08365,303.96475,386.22562,244.33061,373.70044,213.39526,257.7294,253.57208,175.16354,284.64297,349.62646,306.08426,272.82495,181.26357,168.6344,332.01974,216.44908,281.2223,248.37639,229.7493
109,208.08153,326.58646,220.432,293.53488,193.45049,304.98236,175.35007,312.45468,176.5389,279.2907,166.02757,301.7436,368.01624,259.67728,356.3867,231.02086,253.79774,263.11432,182.21365,286.47153,332.69717,314.387,268.48062,199.28352,171.85008,329.7826,217.8761,285.7327,246.86938,243.05318
110,203.41307,331.08786,218.59874,291.3096,186.23729,307.1842,165.01532,318.4154,166.23091,279.979,155.07259,308.1412,385.77704,239.73357,372.28162,209.09348,256.34567,253.33939,172.42203,288.33725,350.082,303.2847,269.68887,179.57085,168.19931,335.46176,215.08188,282.45825,245.93579,229.51909
111,205.15219,338.5184,219.00938,302.50894,187.1137,315.14526,167.446,324.43225,168.03314,288.28284,156.10527,313.85812,382.38693,256.27014,370.42538,226.4686,255.51678,266.1333,174.65474,296.41324,346.254,317.8003,271.93292,194.93695,163.11441,344.3919,216.19333,293.06805,246.44026,244.24113
112,206.21611,326.84195,219.5748,290.64777,190.28703,303.98547,170.44978,313.58823,172.81508,278.2638,161.97769,303.43896,375.7231,248.74054,363.45923,218.9873,254.94696,256.67432,179.16533,285.77014,340.62234,307.16513,269.16992,189.30048,171.6869,329.83008,216.43625,282.87442,246.0758,235.89403
113,206.80547,340.31564,222.62895,297.85995,187.61319,314.83554,165.30708,326.17862,167.36165,286.05667,154.94116,315.32745,397.29218,242.33595,383.56915,210.03404,262.06216,256.63095,174.04109,293.37943,360.23602,307.71216,275.88025,179.81259,168.68704,344.40396,218.55083,288.6571,250.8136,231.99059
114,210.91827,331.96408,222.95424,297.19495,194.93156,310.55356,176.43065,320.79495,176.44821,286.52444,166.40338,310.76712,372.62238,246.43356,360.39813,218.74304,255.63686,261.93643,182.99852,293.53323,340.59164,306.08032,267.34793,194.70766,175.92688,336.04938,219.54599,288.56256,246.54704,241.85832
115,207.71423,334.67877,220.39525,296.56256,190.84297,312.82864,170.90022,324.37714,169.70006,288.5072,159.8187,314.35324,378.17404,238.41023,364.51004,209.68753,254.11494,258.7256,176.33633,295.59155,344.9122,301.41586,265.81653,187.846,170.44453,341.46973,216.69092,288.83252,243.90979,237.60316
116,205.20724,324.65363,217.1229,291.83798,189.923,302.31372,171.97948,310.9948,172.8887,277.63675,162.6911,300.88477,363.86276,253.3733,352.53244,225.36775,250.19684,261.13718,179.21301,285.40494,330.81287,309.20078,264.94693,197.77661,168.35052,328.18442,215.1359,283.83224,242.20163,240.92389
117,211.36237,339.5886,223.40181,299.36978,191.73698,318.51965,172.5869,331.94583,170.7942,294.2676,161.2814,322.56888,384.0419,226.42459,368.3169,198.5306,256.76547,257.21533,177.78665,300.74832,353.25046,293.20828,265.42563,183.38469,175.43246,349.29956,219.55396,290.41095,245.27905,235.1411
118,208.0596,336.64853,222.5916,300.3007,191.76753,314.002,171.55443,324.4838,172.35318,287.92703,161.45523,313.5171,381.6447,252.60463,368.7578,223.67863,257.34833,264.76712,179.04692,295.79242,347.1563,312.71622,272.5136,196.17093,170.72882,341.41397,219.27174,291.12375,247.97691,243.14087
119,207.11005,339.59982,218.71367,302.40427,189.54878,320.00177,170.49782,332.16577,168.39601,296.65552,159.00648,322.96658,372.09375,236.61195,358.30273,209.61462,251.11559,264.2537,175.47722,303.2197,342.60593,300.14343,260.65497,193.7184,169.0411,349.8415,214.9507,294.1313,239.46353,243.35225
120,206.95203,339.2326,221.59001,302.19876,189.96074,316.35373,169.66383,326.7485,170.90114,289.95068,159.08665,315.14743,382.54242,254.9225,370.086,225.8727,256.4784,266.80576,177.11926,297.28745,347.5518,316.2164,272.96637,196.6249,167.75911,344.55005,218.01253,293.60995,247.3664,244.56688
121,208.0925,327.59628,219.61942,292.10022,191.86229,306.40155,173.01984,316.96783,172.75975,282.2236,163.5568,306.90564,368.7648,238.39543,356.26056,210.50648,251.81438,256.42166,179.15152,289.84714,336.89035,298.9181,262.7424,189.25774,172.67029,333.3484,216.38658,283.96457,242.91234,236.22023
122,208.0384,326.4494,220.37692,290.87192,192.39635,304.47775,172.9987,314.0179,173.33809,279.74313,162.58438,304.05426,373.6313,243.06802,361.32196,214.95775,254.82567,256.38254,179.22269,286.69516,339.5382,302.64572,267.5363,189.30595,170.39812,331.5581,217.79007,282.58456,245.5718,236.61305
123,207.68626,327.56546,221.5322,292.8593,192.4193,304.98065,172.67525,313.91504,174.42326,279.6184,163.686,303.3885,374.42776,253.2019,362.83047,223.51471,255.76375,260.32382,180.22116,287.50262,339.33362,310.55478,270.7948,194.18263,172.00546,330.39368,218.88423,285.05215,247.29211,239.78407
124,209.11572,324.6205,219.63084,290.43314,193.21297,304.55878,175.47025,314.58353,175.72346,281.4367,165.84923,304.88647,363.8071,240.48575,351.17776,213.51727,251.08545,256.80133,181.15495,288.44537,332.11374,298.80316,262.01978,192.15852,173.85973,330.4306,216.18716,283.19327,241.94438,237.97862
125,204.83809,326.0464,219.86037,290.2435,190.11534,301.67795,169.20927,309.9636,171.31668,274.29956,160.13254,300.4842,382.02228,252.78455,370.13992,222.05563,258.30014,256.354,177.16594,282.8782,343.5392,312.3071,273.60663,188.48532,170.46349,327.81738,217.56476,281.3658,249.0441,234.00787
126,209.67212,322.79868,221.50215,289.12137,195.06181,301.83063,176.45816,309.5019,177.04485,276.9939,166.62955,299.51917,369.26437,247.80313,357.73663,219.60571,254.65031,257.05447,182.6083,284.7831,335.71164,304.32846,268.21857,192.7594,173.22954,326.11697,219.20442,281.22122,247.5141,238.17807
127,207.75134,330.0222,221.58745,293.31622,191.87077,307.5481,171.11066,317.97348,172.34271,282.04242,162.18164,307.52832,379.2292,245.65656,366.62326,215.9148,256.81113,257.87488,178.78278,289.05328,344.6318,306.1047,269.41113,188.4243,173.2092,333.99313,218.29265,284.80292,246.78552,236.16931
128,204.02884,328.63834,218.09587,290.30728,187.03358,303.99704,165.8779,315.0134,167.40248,276.73483,156.79143,303.42526,381.52805,244.95227,369.34674,213.819,255.5725,254.09805,173.28581,285.6757,345.7627,306.02032,270.4684,182.2947,166.80698,332.00256,215.13394,281.4126,246.54652,230.67625
129,202.181,331.22665,217.9829,294.87067,186.85417,308.10806,166.2243,316.10858,168.21883,279.79138,156.25694,305.25613,382.7752,257.2702,370.6904,227.07132,256.216,261.31207,175.17383,287.93826,344.77774,316.3043,272.9485,192.93234,162.92833,334.09534,215.55556,286.8704,247.02626,239.40327
130,207.85376,324.9827,221.90448,291.9119,193.31425,303.06598,175.08977,311.81018,176.04991,277.3183,165.75783,300.72485,371.08704,253.95268,359.5188,225.67667,255.30847,260.62518,181.97943,285.07928,335.66544,310.4648,271.24457,196.95366,171.83284,328.2246,218.83124,284.90372,247.48178,240.41884
131,206.58983,338.75064,220.2359,301.0308,189.45143,315.51978,168.71892,325.9044,169.77277,289.3634,158.1144,314.98285,383.20856,252.08603,370.16644,222.18152,256.6712,265.1777,176.06427,296.66995,347.80978,313.80795,271.86102,193.85265,166.22986,344.39984,217.28648,292.9224,247.39027,242.58578
132,228.43738,336.4821,229.67989,299.40454,209.70898,325.10107,195.44722,341.64224,187.31262,311.52917,183.966,336.3321,348.17487,190.74464,330.30304,170.62506,248.93834,254.42479,193.53302,315.13953,333.72318,257.67703,242.99098,190.62245,199.97562,354.77548,224.4016,293.82504,235.5098,242.40663
133,202.62296,321.70184,216.2123,288.059,188.25664,299.25525,169.25093,307.67398,170.49234,273.94495,159.85602,297.0524,367.3676,251.32175,356.1238,222.94493,250.59889,257.13193,176.66367,281.3701,332.38123,307.74606,265.91556,192.18349,167.17067,324.1832,214.041,280.0434,242.73941,236.50183
134,208.40839,318.68808,219.85214,286.2694,194.51158,298.24417,176.56961,306.8605,177.24367,275.13782,167.45653,297.42407,361.7759,244.49414,350.22736,217.18243,251.6066,255.49872,182.2039,282.12784,328.9558,299.75018,263.88666,192.51472,175.74771,322.51202,217.20694,277.96964,243.3562,235.89934
135,207.59766,338.23602,222.8808,300.13037,190.83907,315.46368,170.99817,324.92368,172.2861,287.76898,160.15694,313.0618,384.62573,253.01758,372.22327,223.8678,258.72034,264.8338,178.4996,295.23563,349.17462,313.6377,274.3423,193.80959,169.60928,341.82544,219.55807,291.40445,249.37332,241.98785
136,199.05618,329.36005,212.7481,293.28592,181.95674,306.50626,161.52309,316.1751,163.22733,279.5021,151.36014,305.16223,372.76367,250.61444,361.40182,221.27675,249.00063,258.58087,169.31392,287.68777,337.76834,310.541,265.034,189.18614,156.2594,334.78638,210.39397,285.06125,240.74043,236.95561
137,211.73688,322.76584,223.26137,289.8897,196.96187,302.172,179.72586,310.7256,180.44252,279.082,170.46945,301.45587,363.36996,247.46976,352.22736,221.07788,253.73601,258.89764,185.5874,285.76736,331.68616,303.29095,266.4074,197.40883,177.09572,326.05048,220.18686,282.5513,245.64091,241.06416
138,207.55984,330.59152,220.15375,292.23123,189.6823,308.68185,169.75826,320.0152,170.18282,283.14993,159.97589,310.74432,379.35895,235.58734,365.97223,206.25563,254.90599,253.85664,176.46667,290.3842,346.06317,298.36163,266.36017,182.82858,172.23254,335.78348,216.56633,284.2241,244.46635,232.26118
139,214.76723,318.47617,226.13853,286.341,201.15749,298.48157,184.17285,306.70816,184.04002,276.39514,175.10175,298.13977,363.98392,243.2099,351.68118,216.9145,255.94862,256.03058,189.63748,283.46448,331.96173,298.0582,267.35007,195.9164,183.51164,321.14737,222.8981,279.3603,247.82529,238.28337
140,203.51147,323.64978,217.037,288.58957,187.67113,302.27698,167.13795,310.60596,167.93297,276.0061,158.01862,299.71805,373.7488,244.74277,363.1479,215.96463,252.93541,255.1159,175.12206,283.49625,337.832,304.00125,267.6446,185.90553,166.81879,327.10294,213.2836,281.12527,243.42776,233.42928
141,203.09233,335.0388,218.8351,299.24878,187.59912,311.94836,166.76538,321.02402,168.17265,284.037,157.52081,309.44473,380.2378,257.9029,368.45493,228.1258,255.26875,265.5504,174.81142,292.92526,343.56964,317.8474,271.67487,196.15714,163.52768,339.4737,216.00352,290.81442,246.19482,242.9113
142,210.87692,330.1674,223.32837,295.60196,195.82951,308.52234,177.3878,318.11618,177.80219,283.94348,168.0001,307.6567,370.95764,250.70592,358.5583,222.62704,255.56151,262.3912,183.57306,291.69055,337.56702,308.57062,268.23187,197.4417,176.94156,333.6865,220.01285,287.53284,246.63962,242.80243
143,208.07599,319.92175,221.14732,286.58432,195.12361,298.3688,176.60777,307.12552,177.24081,275.76202,167.14873,297.44006,363.21515,248.85236,351.4928,221.96141,252.45694,256.5655,183.16777,282.51425,329.4564,303.70886,265.6294,194.5291,173.42589,322.307,217.5357,278.9916,244.62161,238.4471
144,210.6127,334.1951,225.11873,299.23734,195.63757,311.26813,175.33931,320.02817,177.33205,285.19727,165.8349,308.84772,381.3175,261.59128,369.74243,232.86057,260.49976,267.17337,183.37772,292.80737,345.59744,319.90872,276.6336,200.65756,173.11206,336.5544,222.54074,290.8466,251.1865,245.83888
145,204.63776,330.961,219.59056,291.70062,186.84462,307.2821,165.27885,316.9546,167.25702,278.99942,155.28372,307.097,389.57053,244.49222,376.16333,212.97983,258.59323,254.52196,174.4538,286.59897,351.9288,307.26868,273.5444,180.7892,167.83817,334.11053,216.09933,283.03543,248.54243,230.65712
146,212.27896,327.35556,224.10463,294.4951,197.36537,306.80676,179.1042,315.33862,179.73,282.8315,169.91534,305.36444,367.61096,252.43994,355.92755,225.5896,255.21867,263.02643,186.14517,290.00314,335.7507,308.2507,268.77432,200.50046,177.87714,330.77542,221.50671,286.20593,246.82227,244.35982
147,209.28374,322.56293,220.889,289.28043,194.83861,301.64783,176.32268,310.76578,177.92883,277.66772,166.97163,300.8435,365.4449,249.59305,354.02744,222.17897,253.13533,258.1374,183.68985,284.7131,331.7587,304.75522,266.47153,195.3149,174.71754,326.34402,218.20609,281.92465,244.48935,238.71968
148,206.9622,322.91287,219.66782,289.7311,192.31718,301.43726,174.62007,309.1393,176.06752,276.84286,165.30962,299.1975,365.82037,250.79074,354.26166,222.75511,252.61281,258.51797,181.32083,284.1944,332.13297,306.70706,266.10507,195.13254,171.32886,326.12476,217.17278,282.1461,244.27483,239.9795
149,208.87169,337.4303,221.06357,299.56955,190.87743,315.95074,172.50902,328.46866,169.75192,291.60715,160.10803,317.52942,377.92847,238.54121,364.17273,210.54642,254.80473,261.19867,178.4485,298.1991,346.61514,301.9851,267.59308,189.2462,170.68172,346.2501,217.49179,290.30347,244.00516,239.80234
150,203.17587,330.45535,217.43504,292.4665,185.02725,307.78546,165.55211,317.36224,165.91296,280.5816,154.98508,307.18042,384.57648,242.39133,371.4296,211.02368,256.29407,254.44073,172.92172,287.64886,348.25943,304.57806,269.63022,182.69897,165.89365,335.66626,214.45894,283.5777,245.77655,232.42627
151,204.87585,324.50333,216.37462,288.71338,190.25598,302.4504,172.02675,313.57083,171.5814,279.45172,162.05783,303.34357,361.93887,241.62427,350.69,213.85957,248.63211,255.14009,177.55296,286.54337,330.89987,299.0952,260.02554,190.44807,170.24684,329.29416,213.4696,281.88312,239.9284,236.46355
152,204.43866,321.56332,218.03003,288.1476,190.61809,300.04282,171.77243,307.58353,172.97487,275.44293,162.88477,297.87,366.36823,250.00385,354.5523,221.15335,251.31026,256.76404,179.19913,282.01913,331.15533,306.0971,265.04007,192.99788,168.87943,324.48972,214.95914,280.44775,243.52106,236.86856
153,212.87106,323.18872,223.19705,291.1144,198.79784,303.60992,181.35399,312.84134,181.82954,282.2456,172.66254,303.84714,358.28482,246.07559,346.5241,220.5335,251.71123,260.41797,186.97632,288.84814,328.218,301.23233,262.88306,200.24554,180.25565,327.19846,220.24281,283.85464,243.45676,243.0938
154,206.27657,329.52548,220.74283,291.9399,189.31372,306.9392,168.66312,316.91382,170.66832,280.2179,159.31558,306.3255,382.96613,244.82178,370.77945,214.57452,256.89862,255.79681,176.94482,287.2381,347.33398,305.76163,271.24826,184.64049,170.77782,333.05304,217.15536,282.97388,247.68243,232.87648
155,206.80713,310.55966,216.8428,279.53555,192.91035,291.99518,176.82373,300.215,176.90672,270.11444,167.76277,290.74628,348.16028,239.64774,338.3991,213.77278,245.31548,249.94308,182.68419,276.16687,317.4575,292.1687,256.6079,191.90533,175.38889,313.92126,213.64558,272.56818,237.06305,233.64357
156,203.33696,336.35995,217.88667,294.71927,184.06963,312.7871,162.50006,325.558,162.8521,285.32916,152.60739,315.20435,389.42963,233.86836,375.24796,203.21173,256.15823,253.10825,170.359,292.87527,355.22394,299.74326,268.44492,176.14232,166.91635,342.2611,213.91475,285.07922,244.88876,229.20961
157,203.97636,336.21637,218.30003,299.8447,187.2481,313.29218,167.13808,323.88568,167.75403,287.29108,156.32864,312.72525,379.22986,252.45296,366.1267,222.81274,254.1217,264.2274,174.67567,295.15488,343.6736,313.49603,269.30832,194.98311,163.50961,341.87738,215.12787,291.3293,245.01855,242.67146
158,210.76688,327.15298,221.54155,292.4508,195.82867,307.14453,177.18526,316.83438,176.88689,284.1682,168.10825,306.6742,365.29037,241.87262,352.92505,214.99368,252.5859,258.57635,183.0318,290.32947,334.0,300.26395,263.48642,194.07748,176.15549,332.7456,218.53351,285.1805,243.13394,240.55539
159,208.84372,331.96542,222.15898,293.57312,191.45326,309.29303,171.12712,320.01447,172.33833,283.27325,161.49983,310.27655,383.13104,242.46432,369.5865,212.42041,257.6282,256.49094,178.73813,290.96445,348.2925,304.27457,270.5737,185.47812,173.59764,336.90967,218.30019,284.96198,248.00548,234.11905
160,207.18176,327.72055,219.35378,292.28488,191.59065,306.18466,172.96892,315.81256,172.61223,282.56393,162.57336,307.0255,370.74078,242.36768,357.22614,214.16531,252.43004,257.7889,178.61676,289.53348,337.29587,301.59512,264.65298,190.61917,171.59073,332.88678,216.37997,284.2835,243.18289,237.33264
161,203.92554,322.05035,217.28752,287.39398,189.11855,299.63245,170.44524,307.74356,170.90892,274.2281,161.26688,297.5801,369.59833,248.19273,358.20355,219.29652,252.38985,255.09657,177.41524,281.75055,334.14926,305.05298,266.29462,189.8434,168.20479,324.61557,214.21591,279.5399,243.94757,234.74666
162,203.9479,339.22235,219.28691,301.0557,186.64485,316.03082,165.30643,326.0954,166.91211,288.49072,154.61003,314.80908,386.90192,253.92285,374.0585,223.57883,257.01773,264.59973,173.54924,296.24823,349.6109,316.2447,273.0785,192.15717,163.2338,344.16913,215.67581,292.1599,247.27274,241.36494
163,198.27911,325.80374,214.53078,288.27258,181.91258,301.39703,161.8737,309.59662,163.42348,274.2654,150.92535,299.4896,381.14227,247.20386,369.11084,215.8289,253.3958,252.615,169.91632,280.912,343.04184,307.62326,268.6186,182.55739,161.26166,328.26935,211.55267,279.65457,243.40097,229.55934
164,206.54207,339.00217,219.12791,301.11914,189.58345,315.93787,168.58658,327.28683,168.5492,289.99557,157.99783,316.63715,379.26938,247.8842,365.8775,219.32108,254.6,263.70807,175.06938,297.6535,345.7182,310.7337,268.33112,193.12946,164.74493,345.69647,215.76965,292.84357,244.72574,243.19618
165,206.04605,331.9144,220.6589,296.34567,190.04538,308.90802,169.32674,318.2098,171.68282,281.45496,160.26883,306.72382,381.19757,255.14076,370.01175,224.92711,257.50394,261.92303,178.17183,289.81714,345.21005,314.29782,273.25897,192.68797,167.85228,335.42914,217.40924,287.755,249.24515,239.74202
166,203.43997,333.98254,218.29308,297.96555,187.16408,309.73492,166.10503,319.30374,168.6837,282.15823,156.5018,307.38123,380.84955,260.55392,369.58377,230.11435,255.96356,264.0177,175.20215,290.47977,343.83307,318.92264,272.76443,194.58371,163.94574,336.71802,215.48663,288.89914,246.83017,240.97662
167,206.02682,322.65265,219.26,289.0958,191.6089,300.52945,173.51466,309.20444,174.19115,275.72916,163.90912,298.59882,366.64856,251.20377,355.46045,222.84137,252.57275,257.85223,179.8686,283.61444,332.6442,306.97433,266.95135,194.28629,170.8974,325.25043,216.43005,281.35977,244.48859,237.70004
168,208.98315,325.05936,222.82219,290.49606,195.4124,302.62952,176.56114,310.9893,177.18248,277.4033,167.15121,301.28772,373.53598,253.19208,361.98575,224.20837,256.93234,259.22485,183.15605,285.1414,337.67657,309.95493,271.0803,194.38377,173.28857,327.3776,219.23772,283.62576,249.0178,238.2656
169,212.63956,331.74277,224.22691,298.99573,197.26086,311.03632,179.64006,319.33798,181.24702,286.4358,170.3378,309.07434,370.13742,256.2512,358.09723,228.36816,256.86942,267.05542,186.65009,294.1486,336.50018,312.8951,269.48087,202.91931,177.47464,335.58368,221.81088,291.39636,248.9566,247.82608
170,213.8414,322.16476,225.68486,290.23523,200.20348,301.54462,183.35236,309.28027,183.9352,278.49454,174.13861,300.04593,365.3418,253.90427,354.42844,226.94702,256.76794,261.0404,189.35295,285.53384,332.6536,308.00574,269.88928,200.70872,180.9198,323.86115,223.38452,282.97275,249.2352,243.3484
171,205.4758,319.4655,219.03505,286.18173,190.94257,296.7284,171.34177,304.85806,173.60463,271.27142,162.29225,294.39484,371.443,251.49048,359.69177,221.97145,254.10854,254.67007,179.34018,279.05045,335.32663,307.14008,269.22748,189.97209,171.01233,320.95337,216.68521,277.69348,245.87558,233.7185
172,202.48923,336.14157,216.53377,300.1743,186.11885,313.93988,166.22545,323.7418,166.56349,288.16537,155.34967,313.44562,374.43073,253.33237,361.75586,224.51926,251.26134,264.52454,173.52757,295.4833,339.70248,313.72137,266.02643,196.06647,162.58754,341.8766,213.06644,291.52405,242.02975,243.36722
173,203.9759,334.62366,220.5253,297.32138,188.10881,310.35526,166.88121,319.30307,168.57149,281.99005,156.626,308.04675,387.77405,256.17148,376.07605,225.55371,258.35715,263.0141,175.53378,290.66238,349.51395,317.2552,276.22113,192.16719,165.83246,337.53998,217.76907,288.34503,249.77109,239.45055
174,207.0361,335.96686,220.44923,299.48114,190.23676,313.33258,170.75565,322.34637,170.3868,286.76947,159.66129,312.698,378.9247,253.50621,366.52588,224.45969,256.06473,263.54596,178.05954,295.7053,342.9518,313.74234,269.83936,195.24846,166.69662,341.57117,217.21193,290.33817,246.31999,242.93129
175,207.20486,325.4249,220.368,291.38336,191.67393,303.85803,173.25993,312.89764,174.26872,278.6526,163.77927,302.35205,370.26175,249.94452,358.39117,221.72485,253.9424,258.7412,180.79022,286.17923,336.81442,306.94437,267.5295,193.06128,171.62697,328.60345,217.43741,282.86194,245.07376,238.56679
176,197.75339,330.28378,214.65202,290.66275,180.52602,305.2764,159.23476,314.19003,161.42287,275.62823,147.87369,303.04144,389.06046,250.91364,376.45898,218.5733,256.5346,254.42096,168.8804,283.66122,348.53934,312.73663,271.98923,181.77144,161.29681,333.51083,212.34329,281.83908,246.48099,230.43657
177,205.11266,319.3751,218.12733,286.8936,192.48875,297.93896,173.53964,306.02554,174.87817,274.70288,165.17976,296.40314,360.27637,249.9615,348.85638,222.97873,249.18913,257.47278,180.57883,282.31152,325.49634,305.2024,263.24228,196.12477,170.07504,322.12994,214.9674,279.35242,242.02649,238.66295
178,205.34674,321.99524,218.60515,288.4099,192.097,300.61133,172.9889,308.23096,174.72227,276.47202,163.64035,298.56946,365.45905,251.02695,353.91666,222.64732,251.73648,258.1338,179.6109,283.40274,330.4468,306.89844,265.9782,194.64949,170.81952,324.35834,215.93863,281.07663,244.02063,238.928
179,208.42657,325.70828,219.39761,288.8559,191.78667,304.4654,172.77519,315.834,172.41328,281.48807,163.1449,306.25732,368.66937,233.45016,355.83804,206.12488,251.61115,253.11003,178.1872,288.5025,337.78485,293.97156,262.52222,185.54024,172.52129,332.14508,216.34918,280.95474,242.14954,232.96999
180,213.87917,336.3326,226.45027,302.2241,198.22531,314.69208,178.84937,323.62643,180.5381,289.982,169.32742,313.4682,375.548,260.26093,363.7845,232.67522,258.67404,270.35715,186.2941,296.5523,342.37338,317.3566,273.45306,204.90656,178.95694,339.65216,223.73862,293.5732,249.72734,250.01064
181,206.48541,337.21408,222.10698,299.79355,189.55574,313.0124,168.10115,323.39862,170.02179,285.3114,158.55862,312.19913,389.3092,255.09653,377.2213,224.58493,260.16812,263.14218,177.00671,292.70322,352.3634,316.25046,276.32803,191.67564,168.23204,340.15918,218.88452,290.2388,250.59872,239.7612
182,203.97148,324.7706,217.13232,289.93765,188.95634,304.55127,170.37944,313.83145,170.25789,280.53607,161.38661,304.27542,366.79065,237.6116,353.18515,209.66306,250.13103,255.31833,176.08621,287.86478,333.58206,297.58206,260.47278,189.83598,169.79749,330.58636,213.36688,282.06116,240.64526,234.96321
183,206.86371,327.0225,219.62944,291.15762,191.2739,304.71368,172.1487,314.67554,173.06126,279.79416,162.93362,304.13632,370.45474,246.18283,358.89114,217.00974,252.99002,257.08667,178.51324,287.29837,337.0242,304.35794,265.84262,190.2451,170.77527,331.11755,216.41748,283.2894,244.26251,236.37141
184,205.32101,339.07254,219.94298,301.1124,188.34743,315.49002,168.06818,326.25327,168.75786,288.84766,157.1334,314.78986,382.8278,253.32083,370.0933,223.60962,256.3563,265.36206,175.25165,296.31845,347.26846,314.6041,271.30847,194.39839,166.51035,344.13068,216.61429,292.0378,246.72255,242.63052
185,210.48125,324.10507,221.25726,290.41748,195.93848,302.34406,178.04605,310.00055,178.8578,279.36142,168.72737,300.72824,366.31616,249.13004,355.50806,220.5706,255.32112,258.8175,183.27562,286.24393,333.12656,305.44943,266.94263,195.61662,173.61337,327.08435,219.76434,282.87076,246.07861,240.49287
186,202.26129,327.4289,216.96704,290.2644,186.22005,304.1553,166.37245,312.7159,167.66028,276.7776,156.17981,302.50128,379.7836,247.98099,367.56802,216.52249,255.02043,254.96458,174.10226,284.61774,342.25003,307.4218,269.3883,185.48833,165.76794,330.2652,213.84547,282.0455,245.69928,232.85234
187,204.81462,334.8042,219.46198,298.59564,189.28664,311.71136,168.60985,320.6594,169.92618,284.75345,158.32185,309.82568,379.81555,258.97995,368.35056,229.24666,256.45514,265.08704,176.91147,292.2984,343.8523,317.45502,272.0296,196.46468,165.78403,338.08643,216.74445,290.8727,247.86131,242.86092
188,204.90942,324.36465,217.56636,290.39413,190.11736,302.47812,171.17812,311.37762,172.60439,277.6933,161.67258,300.7144,366.586,251.79544,355.20673,223.81058,251.69273,259.3923,178.35573,285.23178,332.07938,308.39072,264.8825,194.22722,168.84262,328.3754,214.7474,282.4493,242.86238,239.07005
189,209.04831,324.63205,220.12889,290.94635,194.81456,304.6582,176.66188,314.46555,176.16035,282.56995,166.74686,305.63635,363.88058,242.61734,351.07693,215.75256,251.20387,258.1402,182.01659,289.35397,331.43768,300.48694,262.7919,194.78886,174.27394,330.33136,216.71071,283.80896,242.62054,239.9857
190,223.38681,333.08298,228.10732,297.22397,206.86485,317.61798,191.1476,331.38812,185.80241,302.25287,180.4878,326.5727,352.51913,212.65417,335.83606,189.6025,249.99619,257.667,192.61191,305.80582,332.7369,275.25177,251.31003,196.03531,194.51733,345.33783,223.65587,291.13943,238.907,243.9225
191,207.56944,337.09772,217.73987,300.5471,189.13322,318.38892,170.91914,330.73358,168.47166,295.62735,158.88489,322.33368,368.45172,230.04324,353.76248,204.07388,248.90797,261.4793,175.60547,302.29346,339.97913,294.22037,257.40436,191.77986,170.47899,348.28262,213.8739,292.0086,237.44841,241.89104
192,205.40799,323.66513,219.7174,288.1199,190.6742,300.87518,170.62721,310.15536,171.78485,274.9038,160.90121,299.72897,374.71143,244.43715,362.69598,215.22826,254.50931,254.14622,177.82732,282.9376,339.90164,303.58356,268.4493,187.25381,168.94789,327.26245,216.50687,279.9736,245.72836,233.31801
193,204.68338,335.05893,217.66835,298.98007,188.10583,312.8493,168.31474,323.29868,168.16705,288.643,157.79448,313.15814,373.67517,247.57793,360.81146,219.18155,251.85985,263.2146,175.08585,295.16293,340.98752,308.9317,265.22833,194.67929,164.96745,341.80072,214.30643,290.6249,242.93234,242.51439
194,206.83727,321.95605,219.62962,286.17868,191.42871,300.21155,172.0788,309.67746,173.31223,275.13724,162.8706,299.57098,371.38956,239.92215,358.91077,212.36899,253.45863,252.12683,179.24991,281.4949,337.38632,298.66776,266.0988,185.32504,172.66818,325.38226,216.18066,278.45535,243.37534,231.2592
195,205.50719,324.20465,218.35199,290.15686,190.34294,303.39587,172.07053,312.22665,171.85408,279.60138,161.5829,303.53882,368.97824,241.9938,356.68646,214.0868,251.66118,255.95949,177.87825,286.51184,335.3598,301.01224,263.9459,190.12766,169.21631,329.72937,215.24614,282.301,242.70547,236.20604
196,206.55183,327.50363,220.39534,291.77808,192.21613,304.58524,172.3378,314.06314,173.19638,279.96133,162.80942,304.19592,373.92123,248.7407,361.81512,220.21683,254.77086,258.58682,179.09442,287.98715,339.05774,307.14746,268.47748,191.53221,171.13737,330.29065,216.95357,283.90735,245.97237,237.73253
197,209.47594,334.11826,222.16525,300.45935,194.11469,312.75555,175.04417,321.19547,176.41118,287.39514,165.10559,310.83218,371.53644,260.35855,359.36237,232.09277,255.13322,269.01233,182.33347,295.0569,337.6848,317.09073,270.05286,203.68498,172.49112,337.81772,218.99236,292.525,246.9936,248.4204
198,213.27809,328.38474,226.08853,292.40427,199.30978,307.1262,179.59062,318.1785,179.55289,284.54398,169.98166,309.8362,373.36578,237.51355,358.0267,210.3457,256.69733,256.90625,185.55472,291.35062,341.55505,297.8514,267.87073,192.69911,180.78041,335.3058,221.61035,286.31064,248.63524,238.70473
199,208.94391,328.06497,224.61272,290.79904,193.34238,304.2138,172.82748,313.6326,174.30458,277.3986,163.20943,303.50998,388.0313,247.83705,375.4779,217.66069,262.0117,255.85768,180.68188,285.7679,350.03867,308.23026,276.9864,185.877,173.91518,330.37854,221.41412,282.65894,252.76526,233.64787
200,201.92856,334.84808,215.83452,297.91034,185.23512,312.14575,164.52637,321.95593,165.73338,286.32007,154.15689,311.909,375.6981,250.22583,362.7603,220.54715,251.19664,262.71985,172.38641,293.39297,341.13632,311.24533,265.7181,192.73265,161.7065,340.0705,212.2211,289.55707,241.49902,240.87578
201,204.03389,338.95535,220.18102,300.59705,187.22182,314.27563,166.18845,324.2656,167.67577,286.7318,155.17532,312.6576,388.76172,258.1804,376.00284,227.9237,259.39993,266.00162,174.70372,294.56473,350.76633,319.41284,276.12408,194.28107,164.24487,342.8608,217.60199,292.11823,249.77127,242.36894
202,206.38876,325.66776,218.64021,289.37924,193.79561,303.76663,173.78471,313.86646,173.57124,279.3916,163.8807,303.91812,364.3209,245.11145,353.81772,215.22154,251.14748,257.84717,179.12657,286.98575,332.33817,302.2081,263.36957,192.95837,170.84009,329.0174,216.37473,282.61996,243.20439,238.58862
203,206.85309,320.8846,220.42744,289.69778,192.95192,299.1994,174.7035,305.95334,177.77174,273.58167,166.53221,295.4972,364.1907,264.52222,354.99503,236.27972,253.59555,262.4794,183.56348,281.20493,329.051,316.55246,270.41388,202.47803,172.22829,321.34973,217.7048,281.9767,246.75711,243.361
204,208.77258,332.70367,222.37769,297.65543,192.0934,312.0927,173.3965,321.90866,173.65192,287.1474,162.78506,312.56906,376.34644,247.34982,363.13263,220.04279,256.0881,263.2785,180.2793,294.93362,342.53583,307.50494,268.83948,196.19365,172.33215,338.45078,219.01485,289.4892,246.0519,242.5257
205,206.13495,336.65723,219.59108,299.80197,188.98427,314.22083,169.69601,324.49698,170.44574,288.66986,159.14986,313.94318,377.7021,250.15668,364.66165,220.77675,254.65797,264.03558,176.41757,295.83902,343.1877,311.25558,268.40643,195.14818,167.31866,342.5197,216.58774,291.42184,245.09814,242.79558
206,205.03949,327.85077,217.65462,291.47427,189.15083,306.4401,168.47371,317.06772,169.09097,282.17822,158.82503,307.6988,374.46265,238.85623,360.53668,210.5404,252.76726,255.18346,175.62276,289.20038,340.44894,299.71274,265.20032,187.56694,169.39114,332.87894,214.67886,283.95453,243.19876,235.23584
207,211.91585,328.79617,222.34792,294.31912,196.84566,309.6718,179.06044,320.51645,178.07521,287.97742,168.95325,310.91827,364.36383,239.37842,350.58115,213.11514,251.90208,260.39413,183.87515,294.27832,334.0515,298.45438,262.19687,195.84169,178.14511,335.55286,219.02191,287.4564,242.6661,242.23831
208,207.49855,333.30124,221.0161,298.92706,192.20898,310.99487,172.97499,319.9804,174.4557,285.29144,163.20438,309.62366,372.9577,260.57077,361.7729,232.15071,254.62657,266.88,180.65851,293.4421,338.82892,317.08313,270.67984,201.40556,170.99023,336.7306,218.25534,290.5407,246.43607,246.27281
209,209.04326,327.46964,221.17282,293.5707,192.67586,306.0546,173.99348,314.718,175.09074,281.42856,164.23264,305.05505,369.222,249.37178,357.54483,221.93896,253.2454,261.0625,181.26526,288.81787,336.52554,306.4012,267.67175,196.53601,172.61751,331.74475,218.44048,284.97937,244.68622,241.28069
210,209.7639,330.46286,221.02348,297.19928,194.34648,310.0321,175.79546,319.24573,176.52025,286.59613,166.72807,309.54303,364.80106,251.55988,352.41562,224.94899,252.14226,265.1196,182.85962,293.58798,333.6083,308.56223,264.90915,201.30489,173.44414,335.03592,218.25095,289.4221,243.57805,246.36679
211,211.7749,319.9429,222.48369,288.1719,197.92442,300.28455,180.91685,308.686,180.48344,278.60452,171.10179,299.91028,359.76392,244.3019,347.998,217.51862,251.52292,256.99866,185.71017,285.08383,327.8918,299.79688,263.99744,196.97868,179.02563,323.79276,219.83687,280.90018,243.96796,239.77788
212,209.43187,335.20633,222.12758,299.69412,193.2567,312.38824,173.57698,322.71793,173.72974,287.64334,164.04916,312.1431,376.43115,253.11781,363.82672,224.06465,255.80832,264.9587,180.6348,295.56647,341.83725,312.52597,270.3209,196.7076,170.97722,339.7956,218.70517,291.47964,246.7955,243.96916
213,207.99884,326.8541,222.2329,292.33884,193.73434,304.66992,173.56218,313.0172,175.42787,279.48788,164.31972,303.2403,374.96698,253.58847,363.38626,224.89375,256.38925,260.84756,181.78355,287.36606,339.8813,311.13986,270.82086,194.77962,171.57913,329.7803,219.07143,284.62906,248.64062,240.16681
214,206.25432,320.3914,218.18306,286.41,190.43123,299.83826,171.87567,307.8168,172.1461,275.90424,162.18214,297.4796,367.10736,241.90273,354.7744,213.20569,252.00446,253.74922,178.3731,282.41196,332.0263,299.21643,263.3359,188.02605,172.79224,322.92358,214.35046,279.2978,242.72202,233.88814
215,222.26375,335.45193,227.33488,297.15796,203.92638,320.28647,187.239,336.0267,181.46785,302.76178,176.13535,329.036,360.0464,203.72168,343.46564,181.34174,252.0949,255.31168,188.90305,307.5769,339.80246,270.2403,251.59908,187.66515,190.25375,349.90524,223.05023,290.84445,239.01901,239.08727
216,202.1216,324.70093,214.37083,289.9922,186.43196,303.125,166.11931,312.03644,166.50041,279.10788,156.37059,303.49738,363.87292,242.34335,351.72473,215.47385,247.1444,256.3789,173.94783,286.4685,331.29672,301.38077,259.91614,190.24844,164.03183,330.96436,211.07745,281.4482,238.09341,236.72711
217,212.10266,321.39096,222.7139,288.614,196.80116,301.37897,179.7077,310.27588,179.05205,278.89197,170.32065,301.72278,363.04437,240.75237,351.1056,214.19246,253.21739,256.06143,185.38474,286.51462,332.05695,297.98737,263.8967,194.46922,177.97124,325.64062,219.88617,280.39383,244.31845,238.44951
218,213.60905,319.07263,224.85774,286.70755,199.8221,298.5018,181.61336,306.29916,182.64745,275.7216,173.24594,297.4557,362.64633,245.96014,351.46643,218.99521,255.10193,256.40552,188.53311,282.57678,330.45218,300.48343,266.93793,196.0268,178.55226,322.06882,221.4895,279.5941,246.76378,239.2086
219,212.75903,329.68265,223.22084,296.9178,197.12495,310.06302,179.88643,320.0629,178.90178,287.8156,169.48253,310.6103,364.52167,245.97682,351.6021,219.83136,253.19337,264.2987,184.73517,295.08847,333.72012,304.19528,264.0056,200.50064,176.31209,336.86508,220.29262,289.1711,244.4295,245.38823
220,209.85623,324.45026,222.15924,289.4331,194.85635,302.61615,176.3194,311.93082,177.35179,278.23773,167.25237,301.22687,369.53174,248.66396,358.2341,220.63971,255.34184,257.5961,182.66162,285.5395,335.64578,305.45993,268.31543,192.27304,175.43047,327.44507,218.84311,281.78455,246.35933,237.13283
221,209.54721,325.02826,221.97462,292.31982,195.05576,303.5655,176.39616,312.05792,178.11983,278.52472,167.6947,302.0011,368.14273,254.44687,356.78598,226.09631,254.69102,261.27124,183.58116,286.54837,334.75873,309.33987,269.25168,198.77823,174.47522,327.61322,219.31834,284.23245,246.63557,241.80174
222,210.21123,335.90384,223.40416,301.16983,194.06578,314.27826,175.48161,324.14343,175.85904,289.42206,164.87631,313.15082,375.989,255.5054,363.97253,227.74954,256.99887,267.98328,182.04228,296.76346,342.1874,314.44812,270.6379,201.3398,173.36984,340.80402,220.90881,292.7656,247.70251,247.22186
223,210.37451,322.94724,221.74779,291.07016,196.72095,302.03934,178.99095,310.24188,180.20824,278.75226,170.04008,300.13852,360.20627,252.05939,349.59384,224.81314,252.15822,261.18365,185.18533,286.29742,328.6075,306.35977,264.96466,200.3987,175.0759,325.84033,219.17195,283.24765,244.84029,242.79124
224,206.37347,332.70593,220.25047,295.69333,189.84744,310.6723,169.51431,320.52597,169.53946,284.79437,159.25635,309.76056,378.73462,247.44807,365.9563,218.36664,255.16609,260.20013,176.73587,291.97208,343.2718,307.88657,268.54178,190.96248,168.72067,336.51807,216.53268,286.663,245.19835,238.25534
225,205.22098,334.22287,218.42271,299.05588,188.56993,312.31415,170.12714,321.52924,170.09813,286.67496,159.22256,310.83594,371.51822,253.27782,359.53162,225.3679,251.76944,265.34464,176.16698,294.3759,338.03934,312.867,266.0239,197.82886,165.85698,339.5364,215.76624,290.79343,243.1173,244.65756
226,203.44583,315.22665,216.41113,281.8941,189.50467,293.73184,170.68819,302.33936,170.96501,269.52417,160.84286,292.64737,365.3408,241.33377,353.46866,213.07509,250.09865,249.80972,177.51724,276.88373,329.7662,298.21875,263.96725,186.1585,167.95844,318.47498,213.1792,274.16415,242.29056,230.65224
